1,N4HpLt7RNV,jd5LGUDWO2
2,K6g0n00O8PB8f0GPY,LpRiyTYJh6dxaKyrr
3,R0iiB9rxSPWh_,mcvHTemDd3FXc
4,3hf1Xn3qxlQby6D,uIhfM_2qzylPb8K
5,fv4mcKU14oaME6CjDv,uwxf9AkmgOVgJbs5qu
6,o5t7GBtaO,CyUFaUR8L
7,q8wmho9P,7tH3aqKu
8,Ta1VuFOveLic9TvXwP,NIepUEmPCy336avTdZ
9,UT68gcBM5E,wDgtHs7sME
10,f7ZPaxC8r0vMVrI,xORiipsl2LTnFso
11,yil7TIWJ,UwEDa5J4
12,TBMqApqPpA_T3,xGbdUiDwiaIxr
13,ziF61YKRg5,ebth0vjv1w
14,ggpMsvSD,kWSTSPam
15,IoqbvQiVNl9nI,DTv0A0uUMNxIc
16,k2YxeIcQrSijkOn,zFYWIr4K67Cmhn9
17,_Rhl8zqx2JR6Yl5NYr,adoAW2XY8PoHEvQU2C
18,LWkGzwYm3Qjl3T,QBtRH8c5HZHgzp
19,Y7Iz1I_TGMGi5bK01p,1GJeLZuCLdZT_p05hs
20,NYPPNT1KfIQ,fSDc39W9QVj
21,zt47yLkk84BKrZycf,fJgV1Itf8jIjDdUHB
22,MeOK6Wyi3VIaG2u1,8RrE8j2h1kpkVDVb
23,OXkPFw1fYhrTO7PXS,Q_1zO3nS6rtegrFzu
24,8N1noAE9MbtXUuWc,aDPCVY3mqsBSd1qk
25,OodzSuUjrbrHArHo,bvZrl0bVUZOtR2Bi
26,qaQO51qSlXJv9G1r,wm_VqDgKbE9zQZHr
27,LPTm3s7OZ,xOcSTNJ2z
28,TAOESIBlm,xNGLH5hMm
29,fbPG2pvfeIsFpK2Ap,PVRCdffvH8C8cYn8Z
30,XkXrMM35tB59IQ,k46cV3geNQlHYI
31,y1ikT0CMp_,DgdlmJG2Kx
32,FV3pBC9xU,KuvqRjHF5
33,sEAzEXXik,uHMmyzxMl
34,IEBbuN4A9aXkpvi4,WIJLXsbU0ZrxLH41
35,0GomV1TVevu2grfqFU,1qcMUSYA7GnHUN3hGl
36,NshiD9lQes,ozkDXejaT8
37,dT3F0mlYEtOq,8YmbY7tcKXzW
38,ZcKBSsmQqF,DhZ121XFhC
39,9kLYWOzipemG,Zv7J0DIcdiD6
40,aQnPt5GReup0Q3,iDHXCc0eT52iDv
41,Iw00DaOKTY9Qs,UQ3OuZoP9zxBV
42,LQEncHlBMvuMV,mMlw_ORoVa8c6
43,N11XTqo25_CFi35J,qAOI9e08xZ3WeT2b
44,icYkdVYyp,byoGmiWpq
45,NbLUIX1z8zTWKH,ZJ9ZKqoAOD4dNs
46,s0Wa8VRW,X_glhoD5
47,ZaluP46NXnJRufErp,eTS9Yq6XLzyl2s9Cu
48,ixqsP3sN1vh,IREeL0LPMNP
49,rSaGWTucZcDLCn,lsiQVy0hMNkg8b
50,xoPuoty9XDvP,w9LSJPu08RAH
51,RKjqBau4z,_6vGDPLma
52,MN1_RGY5vqzgEBLA,YBdW2cVF_R_4mqjr
53,y1fvBHp1CzqidkmL2,ndF91MLlf3XydzKBd
54,tNKFqw99b80P_JMA,8L1aQHDPSaDUO_lU
55,hgYFC5zASwAmx2r,xhXERnkFM1jFtBB
56,AOJoaj1Gyp4Ar9E8qZ,CR1A3h38igmOStCxEi
57,mrxRflVz,LNdspSqi
58,cpxvmBuC,7yCfpZ2B
59,h0VZT1DKO_cSE_3zIq,HihHthZi8nV2aeETnE
60,ixsHFZF_OZd5j_jD,tR4IxATIhJwYigwN
61,RwGZJKsG3ER,SNYaz9aqwMN
62,Ao2FZkXrkUzD,ZK6_fgW21UWz
63,b7buJypGsKnnYb,xtOKlDxTNa_UmE
64,veZJvVxOGc3rRvAo_E,rsunLvWNSi7bP3f1Bw
65,6pzd601t0sHR,m9l1Ug_p6TYY
66,bIoePaGkxU,jSgzQ4zrZF
67,zFHzGXyQXaXEnUYo2n,cKNVh4gw8Mb_Qn1UB8
68,n6x3BE7Uhx,u4qI6OvK6u
69,J6uK0kAf96KrP3ikQb,nCh9wwUScPbwL10RyJ
70,Rn07mfWqzKw4cF5jXc,RSTaNyGj1vgEdAhHKh
71,zsauq1wJ7eIoIFOr,N7dczcRK6grL5LgM
72,YzFUTzNKcBMwY2dC,3X89WkljpprI4TlH
73,Q5xM7HJilckKTKl,_4rj5dy2LYUD7yG
74,JBi9yXN71nAdZHzQHY,NOatLI_S5b_zRYsYjF
75,NI7n68sbVDxuPCtSl,MutlsrLRCqW_XAuFC
76,kx0lP4oCT,cUfLQR_mm
77,9LTvsLDKHZ,oF3yiFZ1SR
78,UrjZ2iCfWrlNyY,7V2KYHHCcixgzp
79,k3HfcmsDeb5p2,6sDNIs4Hs1r6F
80,wuvZ3RTQYjxTrsTv,RyLn5QMjwuGiGLPp
81,AKSrO4tY,8oPYy_nw
82,_1rShKBsNmxnG,cE2iAFptEApIk
83,qNOmprBL1WN8Spr,sNAunJ9evzzwDgg
84,hWq4MBMXyQ,o88dYY6mQE
85,qJceE9VM9,oDd6UK7Ci
86,HNhnK5dXKSWOxUG,hjsXd2aaIV7p8Ot
87,0D4G1irnV,fyyIoIQQG
88,MbzfY1kU08,zbG93spUUo
89,9x65BB31dpQyJ9,7A0OvaXeaO_OUD
90,KnkkFCIyIZCkXp,PZYsIdbgrcN36Q
91,26t0tQCXQo_yE_,Fb6eeEYkiM1DEf
92,xAy60Y2Wa9xy,i0OIsNx1bcPE
93,fjbp4Xih5mu,UZe2e7xbgq4
94,c1qqjDGL1Nk40Jnl0s,spiqfyAXZp4JqBPOwj
95,VMSvc0Gm9vtf6L5v,GuqKFYu9T69J4Y_H
96,p4IMweccyV_iAgf,Xg21fV12gUPYAyi
97,HzqNGCDYLO,rAhW6UEPL8
98,qDX8VvYgn6Fgkjs,4mlETVBL3qNlt3S
99,pQVV6a4QdMJ9WFVOLI,s_CKIDglkkgqRphhvw
100,X1tWBAejVR,LC3B9wvcq9
101,5UVdB0IHISn,ya6B5QJgi3X
102,9_tDSuWxsz0CrtsC9g,NGfxn8X1YhVRhp0lXy
103,XuPIyT0u,kX_7Av4l
104,9I2SgO3_Qd20,hZ4Eyd941V6h
105,_KuZypyUhf,tonnH6NZfL
106,HO4nZ59m2yhQxzX_,ZGVWpPzRlCfT4kC2
107,Q_h5bvFL8h,Z9M5llD_Xe
108,OIe8OU1doZW7gcRcfK,IbwWQiVFfY4DGQOQqS
109,eGCj97U516i_2vvP,0nlEL6mdpUDNcoZt
110,DagvdZNC,HlzlBIou
111,xzGoJfn9cBg8uIBe,OH6_0asCaxiq8vXz
112,EEIRaDtBoO,JSuJTlFZEo
113,UHHcI1ftw37CAx5NCt,mit3xwSBuxVVowLQci
114,Gttuil5a,Ex9IhT37
115,Zd_MOw6pU9Pl_bPkW9,HjmDQmLDZBRaCkIMal
116,0vQfVIOge1UxsP,DhzYJVBudO2XzR
117,yPgOem_TboPNCu,5JHVFfsFIhx6SD
118,1a12lYflfZVuq9iC,xQpTZziH7BOJxKZ5
119,9VOlLFibXaS58g,O8rOCCscYwrXkL
120,5ejmMXAZ2,LFoHJ3CUn
121,uAuyONSa,6BVtbyVa
122,FqJf5ABGEjiGW,xJvqS6bDmvRMp
123,WPID_ZBKIELCUthd3W,N3tzO_cUhvzIYESydF
124,k1RP75Fd4_M,zXIm66Rq06A
125,UPiQEoE7KoS5UsB,MjQBC8CHJu07BRr
126,waMHUVxMQFZCp6Ci,ug5wBQxeqF8o0b_p
127,KhL_uDVj,h94C62G7
128,LqWxcb8xJIn,t8IO3Spc_jP
129,L91BboqoFg1PD06W,ZjC6swEyaoWFOmR9
130,P2Je2KfRvj1_EGN5K,waeRYn_3OfDZfeHwn
131,wH9ZQ3rACv2SVDnQw,FoRstaytrOZacal5L
132,UvDDqmTU6LJrrqyfKd,aHhzrvj5XGJ1K0lgan
133,0I89lmMDyG01hOkE,TCYlEwux_lFhEZVT
134,VhwkfaZJHxOO0uK,yZmtpHg7eSWIi9s
135,j7r2NxNegtmZu6rmKo,yxj0M7W2z59S6oPux0
136,v4zHUka7uufIBz,gqRl85ZKNJyygF
137,n57MR_ha,5_e9TrEb
138,mx8tD10g,dmvHekLB
139,fY73sGGQv_032SRG,s60YAS2DF6CWyK15
140,haw8eKInBIj,oNPQFth5zXY
141,R5estbgu8Pe,xIY37vVGiW1
142,AfITJALULIn_,03Y1V_4RbXMw
143,dNQhJ89q1snyxZoxt,DsKjLd46dO5kUHy4F
144,lLrE4056OhQc9wAea5,vXYX09KhcL4INHIalO
145,kRxQwd3gUypSa,5UgVnuUqwvfQM
146,HiH_pUMJSzQ1Efh,LlYoGhaxn0l7nFR
147,fBAU3zpapRM,bdDavai_VwU
148,_hFeK9oTUP3_k8Om,ZiHpuhvH6eF95hur
149,6c529OvebfYCDQ,NkuUBLSzE_5n92
150,PmJjnUdq4Wv3fD4V,Y7eD19qaoIwQSoiv
151,k5tny1hZb3soyyK,HyEDyHYy8ReDVQl
152,bJmJNCwvX9T,s9Pea5XwQmd
153,31gm6zL8TS,aE4VSmEZMB
154,pKMxCYhGzE0,PoHqn0zIwBI
155,tWcmyRkdlt1DK,lM3YXoGAmZuxh
156,dsB8F0WwsWc1_P,6kV8qhbckgCE2r
157,mX4y335ity24KJwS,qzg_RjA5b6RDH4JM
158,vPid8WazdsEea3ReNI,KLErLMOBASUKSXyp4y
159,M36WcBMpM,3OnuBGOa3
160,7AdxyS9yXd4hIBrPQ0,6cHHYZX2_ayk3TRk0t
161,eb_kOmHm692,4NcEBB9DDTs
162,SKExtzEqT,kw6LVAvBr
163,zZzhwUdBN8PTUYf,D1tzXB9F189Zh2t
164,EckfIl9gdwBNSGdmsQ,GH4lATXZm7MJftn68f
165,f9IZNCqxqrCj,F4iXB87POR1c
166,75Y6DwMTBbs2fm_,YyRmnTnghLb87lq
167,qSw_jmOMGQrGzd,gvcyjhCjA5qjmT
168,tZEWkLt8v1ye5MCV8,X_jgbwtMoojik47SC
169,38Qya10k0VmLy,ZaMZ4fh1FdGHV
170,kfXW_3v9,ktvbWk9S
171,GbyP8odja84BKY1nq,EnnyklxgQjPjah5lD
172,OIa_ykGWaKj5C1XFPx,gEUjN2nziC9tWIfdxe
173,6_l_BBx38iHba7A_Bs,jIHUCMHUD6qeCiKM5z
174,VpMe9p8TuGoLg,ALdFHtG2i8YhJ
175,rjlh369gh58uSXV,D8fo1UeqKSLVLVl
176,AHUfVlO6znx,dQxyALxSLrN
177,mhlQVDim2Q8Zruagn_,VWljH3pGnerilat0YR
178,rNNwFYIGXW,kLP7sDE44q
179,SROzC1y6u,zH01Cq7MT
180,BrAR2J7bxeCuL,49duUlnz5YhAL
181,JkyLq7NEEYP,95hLBfcVGbX
182,dz5c7AlOF1s6dy,hsDbbloaZ3W3VP
183,S_22LyGOM38,HsqDWi4rF1C
184,djmjTpUCxMm,l_kzzocfNvW
185,WtpIxTI4A_b4Du9,T13UgI8_DJpzffG
186,Ij6tNb3ot,k7GhM6go_
187,E2vUcKhI1INzH6IY,6cWROzzV3xb6_e4L
188,1Tjw2wuLs,9485v7lIY
189,dGZRBenpu2g9,rNjB3ROFOozd
190,uIrCLE2JlSJWPoo,Q9SigVjflQFmq_q
191,wkkkhydwm2T1K4XK7v,7CkqxoFfLiBQtfMFaj
192,Cum9paCToY6U,1eIxMQDEACDe
193,VK7FVcvedj8u0jcj,A9KBxxBd17T6_6Gr
194,xpEmSaGwP,_RSwG33IJ
195,tqxTl3DQQ9H9Tbr,JLteWGwQ3hnOpVU
196,sfmqBy48zitymo,ZfJyayv3wz8dRu
197,tYynph_T6S,Wl9HmcvuR7
198,gbZpXC1aTSbM4,IKvvfvjGrq5sy
199,QUxiTOPP2Etftvb8Z,nE_G8KxhWkGTp2rbV
200,m33cJt9TFO3C00Zw9,cUIIXGji1tPt4Zj4T
201,9ccuVW3JhfhePYTW,XgcwxkAHVLufG56L
202,jmH7oTUdvX,aPaxiECbW5
203,JmK0ojUxIKSmlQyb,HtrrGH4gtEsXgwQL
204,59GBEUk70Eov3soz_,SVaP4Di7gV4D0jzdW
205,YJnCKCseLax9OnduN,1svOKWyIslgnkDMjy
206,NYdS5cITwgIouqP,iL2zqwQTEdl8Nsf
207,oGsd915_6b8L74xua,soFbqnxILRrc7UHEM
208,Vx62zYabqlpGYQ1P,egRcFXQgJURnFGXR
209,7h2jEpBTNc5LnDT,Q_WNn3jBD4EbftV
210,N4e0le0EdC,CR8aAEggRR
211,L2LFjyywFKD9j,hAUotOXZo9rfS
212,Od3x0keF6,QqDQnvZRx
213,OZcAnAGGpfMlW,Ysad_Cvj_jXg1
214,snGrWymAckdgCNk,GCjqI4dcN_ccAFS
215,ntOXaGt67,oQzPOabZW
216,JCu98d1AeT,blQJXH0ZQJ
217,I0B6a12QLnnxdvcu2,SMmHGIITtOsrE1y4o
218,EDHdXCvMk5GjB,4hecgZbrcVn1s
219,O_7tME03y,6KV3D8EaR
220,iWpfKNPKY21eVevY,PP_jNs5LOCyu_Tgp
221,yjLoirZi,_UBAZxGo
222,UNFytjrWZoLMoH,yPw_RJjrJzaWNi
223,wGb5pB_1KUdnejjCzo,3vn3MsXhsAEPaHhI9G
224,j0Sg5UeWtc,IgxLs1NV_r
225,Alsp6LxARbhG7JBzFI,jjs_YHUiLqk4OUdiF1
226,i_SEgvsQ7kQ,sns9ZJKlSey
227,it2sagzCslitS9XJ,nkArVJc8_ojVnOOy
228,IretNFbQK,wT2bDVK5t
229,AEQHohhWfdLohj1,H23QMwjR272bBTs
230,DS79wnMvD,cgARZOvS2
231,GENzFlYj8PuD30JSV,_2f4rtWhzub4IO9VC
232,mKDnd1oO,RBloldtj
233,A82XDM2zWEGmYE,9z1uOmQ7weg36k
234,dEM5RTXp998,YRJaqfW1Czz
235,pilM4V_ofJT,b1Bm26pykHk
236,cGbKd3Q99M9pEk,pMDJEK95tMKU7D
237,0ZB_xS33VrPL,TyP6wDPbEsE5
238,3YwuZMOyXQyudr_CK5,4nu3aukmhT0hl9GeZY
239,JisOc1AKaWU,sw5z6CcMjs3
240,4fabZFgVJCaw8,JL6bxA0O7vx_f
241,EPiEIyzeRkA,fz85hcRhGwH
242,Isu_gilsxT,hjKwp7iJle
243,nWie0jmlY,f8mrDOASt
244,YYyW5dKMiG,7GU30ymiTY
245,HmSlV1nuuP5q,5eL8IiAKMuNk
246,f1eI2BWsIjAVDDe3,XjIDyfF5EmwRro8l
247,zT6_guMzvAKUlVAcQr,gTN2mmpj8L797w4uoW
248,12K2GQ_btLkd9OsUy,R3BlDlQ165mIw_GEw
249,iHdk3t9hWV,aNVPkN0Ag1
250,NMc78vqcf,P_kxrJQmY
251,PxEAYlDQtMjRd3uMPT,bl785FedMzViCnpzU6
252,A3F_JDueAsNE5,uZ4TlG00i6UGo
253,vGo5HmuzZbWeXKQ,XZQnrLGIJSaaSAr
254,FfqrmRTvMeB1e3Fg7,G1WezNfVjyogJ0Obx
255,tS0vw6eV_A7,9QSs_jdw502
256,mMobjwcrn0n,TOQCxpKXw8b
257,2xtr7Z9mh3,bD7V2P0dku
258,MzVC6DJeI,bZl67BDz4
259,ewoiIKi_8o3V4Trcg,NEOh5m1GFa9PFfdMP
260,5fgy7bXr2h,PFPIFODjqn
261,zHhdfkKIeO,BsOSfuj3gt
262,bhVUVX84MI4zdd,oQUIzmTgcx0Uc_
263,5UFkZBf69SqOC0bRE,qtzERDMM86EljMOXP
264,WFavcUUQWb,g8X4ERE_jq
265,bxgrYHEuHvwHk5sGM,zrbsMKbXm8scggK_6
266,8HEcDj0XVb,ILIJ683U__
267,OeiNvOFKCr,nPAMEzliK6
268,NXC3k41U,A2fVIhfG
269,8e5g3pty6VEC4TE,225Zp1trejhlxu6
270,XT_PSxOVmZJFgj6b,52vmc3mIBYPVxqGq
271,U1n4FuP0uixX3S7W2,d9CmqYHpCIT8yJd3b
272,kF0M95KgLpdr6Y,xV5QZwOFe6mQ3x
273,m3q9SbtYY,Ov6zqYVqi
274,5vnXadNpbqFRc9HP9,2wPDrV2qzFRgmrQhZ
275,fLUEgtf3tpMJs2aA,4IrJvsQyDICsWqps
276,YMRlNO0hyYGw,fiOVOWb5z0Vt
277,dTla2yFZfInRNafL,IpcRHAcnWwQ51JoL
278,TcFTfX2Hyc0j3B_wY,0Y5yIwJX6kRnbIOeR
279,5uodgDJHDr97jc,yhz2ViYHEvgjN_
280,ekTL2iBPzV58sf,mlxAZpWsXpP5tW
281,QBzIl8KVDdM4EABXMD,Ttg_Me66KRXkGfN2mH
282,531O6iDrdQz4,yB_iVYtrryyc
283,lGC7QJiu,DZsMS3pb
284,ic14GFYl59L,DvJQUaBJ7P3
285,fAcLz7cNHGOR,JPPZ1x2vqysl
286,stTS7bl6bRv2N_2,6yDmLOQTZxmmTyx
287,DLQGzPeBf3PB24,QNl2XtrAsnE5Hh
288,6TA6rWXHJRsEp,ziV9bb97XFJ1k
289,sgENz0veP,TiMl9gxqd
290,O8UtkY4NZDA,TJ9YF5U_ZA4
291,xgF4F8V0s,OHrVt9mgN
292,S4jVJto7PHon_p8iwS,q6Nf7lvi_S84uDqqzI
293,H_gZQjSLpeGO,IzqHNnkaDK5R
294,3wY1xxk86,oaVemw6mJ
295,2D3atuSvrdEXn,20QXwWOaaoNnr
296,3w2H2Zc5r,Ujg2xbnAA
297,xYswguXk,ldK4CX1O
298,RQ55fJOiaN,WhJXXczCuI
299,6nqoWgCH4xMN5O,HtSF4VYeT_821i
300,hxHofTP1B,qFSyyYJ0J
301,XFpvQKRcRjiauu,N4_NbexxHa6jT2
302,m7TNXE3n72ryw_UxSD,kHt3DsHSxPG6HaBwph
303,cFcGpX4sC94LtA3o,K7k95p8QP0g5L3ZC
304,IMvOjuqlfbmcla2WZ,ImVj7rwb3Mp0DJhZV
305,zWI7cJTOr8my,m7WMKf_0Ew9h
306,EgbQsxHegK,XQGA4sNUWl
307,AFYE2suM1lDmRY,TpTvHY2gA4E0z2
308,B4NU7x7m7lML0qYd,Pnv1diDkvdJlpVKU
309,vKwx8XwXlA,m3KAFUIDNV
310,UxQt1fAoU,bv0ASITlu
311,8h4WK5ayLr8nl,zRfRduH3K_7l0
312,xCvoiGyv29WKYHN,4mXTSo9fMjgCE4J
313,a6hsVa6PugGX,6_ZXKo1A1m2R
314,MLFLZJL5PzU0yp,0KosAdh0fk9ur0
315,R6S475Ue,M8uf90Ys
316,WqKNjR7v6IB,bANDXvPO8UE
317,XJduA2kPDket3D,5cu8XO10XCQdCz
318,rFaPFlSfkAOj,epmOtepSe7Up
319,3Yquqzh6,iOI0hvJ2
320,oblWshLxKr1avt,diyHAiyr7H2ru6
321,tnRLqllLy,mdIpUvQIF
322,cNeV40GVNPhcy,85H5CcQ5JG4Ki
323,QguYF86iafcEutQF,x2nMKKG7Lt4J4k_m
324,jSh0en2KZ,yEH3J7ujd
325,N1XWbmsUi9fS,bBtJduZGEXoX
326,LWlEFyx4XT966nu,4vrhIRLJrF_UNEg
327,cT9ZvigkbnqS5HNk,6SUx5scZOeHii5QE
328,H4Q1nnWgwDc,YDaIC6hplxp
329,e_7HcJuenRnA8,0B6w7YuXB96wd
330,cyly5Wg8J8zEh,fF4x_roMvhv0O
331,2ZLjHa01pDrPKzEyip,dQJY2R0x62BRsG9sAy
332,ap_gO02b,0QwadMli
333,bivmqzRvnWxWv9xtsY,tPqyOjZx04KZN8Vvyo
334,OiTNVTmvC,xX8_H5MRA
335,20K1kclWlYA73MmrF,2oeX3nIovWUVXlbKI
336,c6PspWOY3QL,ZLAr4wNf17V
337,mIMp3jXQ3_QjJN,YF5WpjolIzsVcH
338,ABWTHSCuLDw_NVY,83RKrjs_w3ctQX7
339,Qd0XfVDLzBAD7,lZMM_R0MCtLaz
340,Ic4T9ufsVHSTA,1KA843jCoIaVY
341,mZJy22meq7,M2J70rhO2y
342,TcuMSfSBPb,iu66sdLfUD
343,4FrSKtOuVUnd,wO8qkNksN8sM
344,gEIh4jow_P,sqZ6k95zxp
345,gSP6TlHLmyko0Smc1,K707Kch4uFVz0ZuK3
346,bRWdGDrV,cha3Oq8e
347,cuHqJxzuPQS0Ij8F,DC9CjdvvHkqspmVT
348,HlZaReIEdEyx7dR9TI,SC5pT6ipIfn0AbJhVH
349,7a4N9Zq6Im,q7TWZcQvsO
350,Iih3LIgus,qr8MSi6qh
351,UZoXmGTOoeTOwkiQtU,QHf5cib8xuvminSus5
352,h7s2or5PyFieAPE,J2jsJlRAXKlsNfv
353,TGDJhtUXX9b35,7BcdwSJWgtmaS
354,ojeB8OeEg5,BgH3Y0taoZ
355,t_6T0nf9_5D2nJYD,dC9T5rRgmB1htLX5
356,y9heOKjP,qTdQIc6x
357,zP5whD_2rMIt,NmQJYgvB3MEM
358,l1oPKLgBMpR,exxpcjuwjyr
359,yKJ3UjC6W,SI8LsUrTb
360,J_qwc3uVRk4Pk,0FqAjJII5IIlS
361,H9ObUrdXu9,vIfbcgRuE7
362,t0ltvGqFwv9Lu,582kNYggXvVx3
363,haQo33RFSVL,MedeH02tycr
364,G17ZJqjF0N1E4,Bc4IijbZvK2WJ
365,dSTGCYCHf35v,tVC3RnCZQ6mK
366,1WfEOt6Qf4x2D2oU,4EQ7H5aejaGALvyu
367,ZBTlUwlkFblLAR7PL,DA5lrSe0XheT85JVY
368,ySCf3VPAadsGVwK,ZxbmCZb62CyejEj
369,OZ2nUmm5FqsihL8S2w,_t4MZGLFH0LLwJt4XA
370,S17gjB9HuslgfO9p,vWLtnkBvN7eaMjPy
371,5ovNsbjd,lLoGuGW7
372,MMlv4u45kqLV1U9ItJ,opnuteYUZaVTev0nxQ
373,52oRqBSrx0n,x10mtzFiZpR
374,alSoljIFb,eNH348oXR
375,zQXDSUngCKkuNri,4jG0Ggt1hgUxpV2
376,CA9MSg9T,ilnOSw2V
377,LqaiwiOXpZk9LircQ,1ehjMWDPPPAvKY99v
378,w7c8DZPCVNHAaHJl,GSMsL2EzFlrrmmZs
379,2a4t2_dGzM,heMBLdXMcv
380,zzdRCB3i5JV,Fg1_BBsqMIL
381,xQDm06Y_dz,44jUnqGv3m
382,dUQt2HyyTv,7NuN8xlYNt
383,4FqwGh6I5QLMa,ayInSQJP8g2di
384,0kofMQEYx,tYYtAqvqp
385,dzqIYjAiikfTljmY,x3HVHSTbUS9VXy6f
386,JwDacCi69AWb,I8Ixv17_8fhm
387,LmiLdAPxGwmEar,G4RgDrHhfumLwR
388,INY_ybfcpjyZ,clXcJvZ4Bjzu
389,OwJnCLN0o,Bb6RGSQ7W
390,VK2uaXXN,Iuk3d18Z
391,Y0gYjqBZGbXAeHk,I1bM8DoDQEYG7fc
392,fgisMhBj,MuKdbEei
393,p8T52K76bW,S3qvPv2Uxw
394,So5jBLOvKHb2t,hJrFUyQrXKCwI
395,cgFweM4CO,AXqKFLySb
396,CXK6pnwcn2lK,g8s6yBO56my0
397,wRAJBNuIe4Sr_UUaS,_f9djW7n_gNyfgYNV
398,GLxRjEO1IufH0lxU,EyHo1osCT4P2MpsC
399,SmCflUVD0NpPa,A0mL5reSDvnKn
400,Yq5yH18XN45JV6vltb,Zc_RMs7QTeYCsJ4UZK
401,PKSgdw8BP,w47tj1HFR
402,KRGlGjEw,AcdjY602
403,80vDuTqT,8e5DPvRb
404,WrOoEjy0zZGn5i9mL,r748_yFToWPcWcoVW
405,pKBspibIVrxl,9MeFbHylUuZx
406,brdwOCKR,T55DrE1t
407,EObVNOIjV8DTnVbg,L4D4xysKgIgTMmM7
408,yLlkDj_RKY6,1TUk_18fdSX
409,QFs5w4XW5H,vO5B1ZHzbw
410,mcPHLgpJQdQGXXY,yO6ZgCVQ3JOwgzn
411,R7cwYz44Y8N,ol8GpuOphLX
412,C0AFS3AqN,LAnN7dh2b
413,GM_9lIDis1_k_3,TrlWQAcSri6YPN
414,FAPK6fRP8Ih,s1sjo0dl0ug
415,zCj7lWxXPx3MdQ,rjKIXlKe0hkQxQ
416,j32wI0geW64V,rJYURZn8FxYB
417,t3A57aixYrwESP4R,3SCB87yjmAVCoW9r
418,rkDp5FRpapPAMhxxW,MQEAsNCifhYSGKoT0
419,NYbL0ssgAfVz8ksj,x0Kv7JqyOczTeufG
420,IhZxfZMzRCC,FKqNq8p1B2u
421,DebJwLd7,4KJXn4Y9
422,oN0b3qGvPk,jaPdM7ojYg
423,ZNQwF2HN9IPG,6Yi44uVkV5oB
424,yDT5UorCfyeKpAF,hGJL8FyWuIF0HPi
425,x8X6AMt8avmRJGTuPA,bdrXe7Br4zSJG5bbKT
426,Z2pCZaOJnzR,dB6yUepjpGZ
427,agq3obhlRbM,h_Zhhj2kuAi
428,sHZIZHU1J,Btyjt562D
429,bfY6k3Z1rXhW1X,OPsnffHLgKC6tQ
430,4_i7oxTwmJ8nCn8mkh,o49TAFw6to4fI8hh5P
431,_p2FE5M_lmTo,BNuP3Z5_5oq6
432,OQWNpTO1AwFR4zG,_VYEqvILzS5jI4D
433,Y4xhXJ5lN09,qfML6iZDN39
434,E0Fxf_MnBHbMK3z,klhi7irvY_uUpyQ
435,gn2dy3XT,db7jt25H
436,ncoUFGoXNE,nENn87Sotn
437,Fzya8CFv_c1iI,fbPev04CsbEaI
438,AzIZJM_wO_QZKj,3ipc3XQCjNy8cQ
439,hM2iDANgdbFSo2Q,4yLdxtcsCPDW_NY
440,4fvuLnWnmgDIne,Jxch49KQSNW3dQ
441,1f8ihuY4b5,GwhFu3AIpO
442,iPvNDXvVj,NCZpkJnb7
443,yplS8_sj4w42WPDffU,yl9fTuloKJqGasxdj0
444,fgv4GfRZ,m5AKOhIY
445,bxIutHMcbRUr,qv6XmRxVS5EM
446,WZK33mCg3f43HGu,LFNnRNHpv63le2i
447,fSY8y1QPEFYeuMl4Uw,G6E9t2BD22tP7sHDVX
448,eAeIU2ah44fahaMzv,Lu0fO0XH3NcqZKjyq
449,EDl7Udg8TVa,e74EZIO9B_U
450,jKFzLS5j_HFtz,YMKRPieT6lJcm
451,XZq8sno5y1nJ,NEMF6zl2L4v6
452,BQkTxAjjJeL4ZFzmO,QjKg1wxZGlEw7qYxb
453,XZOxbNLZEFcE5GnoXE,E4xXGlxB2PXakXsEAx
454,X5cwrmxs,jwCwz2r4
455,gMB4Bt6wwbfxXfP1oy,1YmzlkAkqqnfCn2CCI
456,tqQswOeBEBTQUcY,o2jOtyhy7SQT1R9
457,3OZ9P_nbanOHea2tg,Uc47Ik76Z1VFwFJd2
458,CuJZImGuxGxmfP,lFg0ZbXopoaIfq
459,phGynPcs0Yv8UD0,yD9CdJxcTALK0bK
460,kUwtYbZi0crsq_,oKFg_f27DNN85o
461,o39SYZfXP9JsNtM59Z,IHFOnC2cqVYHewDV7i
462,xRa99lsESkJ4P,OIy67vN3PuwIe
463,xV5zXLjHA_,R4kNDsaGNC
464,79zXxaItAKPhx_aurg,4Zojmu7lTdT91n7h25
465,tk3ypgpvoaUmPGKZ,2sWLtJovNe2X56pm
466,cyIW38_a41ti,48QSr5II70Ik
467,KNdHI3JMsCbX6cVMW6,GXqDdN7oOD6XUl9mlG
468,cqfdeMn6hTRItBMFl,CxuRhKsMdNGQbcpO8
469,lOn2SGEbNNEZBI0WVJ,kC619gwt93Y7gklKi6
470,QT3aV0Ws,8YZ_271x
471,fLLDNh5vAJMmTlc,hcBv7b5uJEoN6Pf
472,GwfNUt_NwRDsD,NbnCXZrS6ttcu
473,r_benOPldzV,IVkh2ejj_A_
474,qKAUB2P4c,n0y0F3VBa
475,UgHky5M5V4TJf3Lfz,ZRoCU4qx4XRZ51hcO
476,dURZdEp7ezi0z,lvVuhf1iRMCSA
477,1t6lcxBVJ9y5Y3T3,CXZnYxw5ymWeyZKT
478,nuyeZUx7IIs6Og,tuYpdbT90x7Zym
479,ZGgRCsfxpmB9voekT,GIA2_pvs8ryhO5Ivf
480,1go93nWQ_0NR,YrE4xySbFk_d
481,IHZOuyIyAdc2g1W_,jxNpDk25PJid7aps
482,7sfpT_6bgPxIl38,PLW1O0x8VuemCsj
483,kaB2bDIFphaHaX5WyT,8RRtCc9iZe6NH9MReq
484,0nsXFFwRes0Mf3,TBZqWxxU3Htegj
485,XseYF2RJYxDeAy,cavAY0Yh0NSDhs
486,IuR7XBzqqAJJqL,Mjc8ixFz7XMVGV
487,a_D_S_8V4TtH,u2c6ysL_oF6o
488,W8RUwugZ,Vtl2ZNs8
489,GPMnAqi_iMjPu1,VIhs4nP5YC5rwY
490,Eu8dcUlwv,qRSrMy70B
491,ahrWbBVssyv9EdyYs,Hca5ZmZkua3g8JRCe
492,cBHnJ1gGRbLhWcnyxB,U02sVkwikKfZWoLNGV
493,JOdFeD1Af57t,NPHlSXbAD44S
494,Q4CGLevs2OO6Yzx,a3ch_kBpqV7_Emh
495,26rPmjqY9wjbAgORgx,64VdX9NZWjqH9IK84h
496,U8555sO37p,PwStMVNwY_
497,E9EGLps6a5f6dYzrR,co7n5InBCi_9o01f0
498,13E_2tZfYUjmYjLs,Vy8GxBQLFrWZrlzd
499,CmrYPibmo4M7M,dY3JuTxiQH0LY
500,Ppicp_5EB5n5,jBOTdehGM0aP
501,tP3QQH1pfuN,GEIXqI4660i
502,rF3EhPV94Jfq,iIwlmhwIQKZj
503,em0NC0NJSOUK4,NZU421PCc5Hhd
504,UvkmkOrtGL,1zz6_Zlutf
505,6p23syvA4TYSat,qMJn2bmB6KLThO
506,0MnqahPa,VaLJWL39
507,mdAKDsa2LO8S,UhU4NalvTlK8
508,LjSqrqZpbDbLE8zR,LIqoPA_HvhCLUyVu
509,hCEYPNczM857g,S0EeY7pkNpdoX
510,cSka8KBF4P,s1itr5IKSw
511,LH1n4Fh_BjIxDJ9,TiLwxZGlsBH5YR3
512,l9ZJhb4GocKhmJ_,52M93_5PfhBXJHd
513,j6SBSf81t5F,BDa6gSlu4SG
514,QiE4t74plfv1laGO,3exVz5BlUHSytLoE
515,1pjDBz5Rc5rq,5i9RszOHRHiT
516,kp7ckb8zAywb,ig2l6XBRJwuT
517,3yLmhW_5yE,bXAyLN2Nh4
518,VNXRpOBdwUWwWzUfJ1,0ymSGsvqMB_RU0dbu8
519,gV_DkZair50k,V_Su61Luvb7p
520,GySWEtT8e,hwT8TXYJ4
521,FkkirhM1,vDyeZgsb
522,2Bwjq10OKflAM6NqtG,FZe1q2fHDllqZjwGnV
523,GyfBB2vNU1,5NLfv3DzMB
524,QdpW1h1MnJ8mGmpfn9,YbaRWJbjV6yQzvHEm0
525,G0d3DSfGs4YdDX8,aY7HkqaY2LB_SHe
526,P0jJeebL0IGFvG80wU,4QNnzkdrsxy5gX_DRZ
527,e6WVfbbMm,v70EeEjHQ
528,e5SCws8i6_fdSuIHS,mGYNm1RzAxwYa84hi
529,L6sKGQlI,mKOmsZh2
530,w2w3LXTgeo,t6GQPWklJt
531,5iuXnQ9fRR1,tWXqbgovy4q
532,nqZAnvNLL4uo,Rbjeu_LI76se
533,NzziSk5VzEvqt4,9bOyB69yKNcGsE
534,UbH7sWEl9fMQRujo,G8og2Jcj7AYXWgW1
535,sCvt8IAEuibCi8,092Y_RV1Qp9X9t
536,QrdZ2uYrLco,rr6deFFu3yR
537,K2DFwK_gfJWsiB,4MyGJFIQq5ElNa
538,OvBIrweavJhV7y,WBKnpxLsCXDEJu
539,PJ1uDVaGQaiT,s2mPUDtoUUhC
540,ta88FJyaR9RLbHx,QCh4aRyY2ZwQX8V
541,2nTflyzaK3y2fmd,LJBhWuEuiCyuVzd
542,cU4AZ6keU,GN7yNhykO
543,6HPZexgehXI,2BT_pzAKEW8
544,YxcvVyiglXw1i91SL,RxutRVFYxWyO3RWuF
545,EJ5Bg6b5O5iQzND,QeYFs0Fp1yC1C1z
546,l1_s8UE5,S7IaDML6
547,Ln_oRLtCZe2pR,QbkuQTdLrvc9n
548,7M7Py0RlX1C,mKjhgjHvY_T
549,gZ5kLTAXDVwmWkF_O,SoYPThEdu2P4c9EK_
550,jVIW3N1fLM2g6o_CO5,gKrx9WzanqRhHS0BIW
551,b8zrsjfw5r4cQOqC5,4_a_tejFIvnlv95so
552,9AJ7DVNNW0_VI,wUPnuUMbaUfuZ
553,vxNI9m9cn,pSmouLLfr
554,WcoSJEHx,S7Z0CVXr
555,s5IfOK2oBQLV_Cig,9VF8tSirnJlFjjF7
556,2wSA5qc8Yxof6szyqU,UJKndTYyQQ9DjBU9Jm
557,fcdNn9Wy5u4n_GL,7onM7Y3LNdh6X47
558,sfFXPpkXrccC,zACNE9_4EiI8
559,DOO6a_oIIgNUF,F4Yz87hJG1Hni
560,ZNH7wMkRBobWIOU,2Yei5zdrC81K87F
561,ulEtYYh5v,r46cU04lM
562,NAGmnIekynPBjemImL,K6ScsW2yrfBwOegbtu
563,EEtiUFuaw,q6uWKDe7A
564,C7BEw0X4,Gv4XBeo3
565,C_jPVoYzn5,HXX4rdy9tA
566,yTkPoNq69AJg,eqDdl8TFDL03
567,pdgftQh55D1GR,IB5SVPfq12UGy
568,0WgRJ4WiuH,0q8MfnZX4w
569,VdFtYE4ifqaLMXA,WEe1yw9wqXmh0bC
570,6CMIygQPOK,gRLOeYzn_N
571,yKAg0gdtG0fRl8Le9,ZWA5p6hlVQDQVdlN7
572,uXG1x1QJZdk1rfLa2H,zkref_zI8_xO7bzqdx
573,kWI0hUXc2b,M3d8PVkQBB
574,hs4QrWvkfWTSX,HV2HFI226jACL
575,2xHHSBs0d3dX9S00,jH6LhAutnApoZ8rc
576,h4Ht0Oi9,SV807vpX
577,7PAKD6oJY2aZK6UNo,otyVvahLuVkKicLYE
578,OoewZwQ_tBDfPbN,nTUqbnIYFDMGrHo
579,glXbY7YIe2u,xuinQGRJy60
580,4z7LYZdW,KdM1DpH_
581,q8o8VzisSosUtEOCv,eHO6OMLfd4yB6pGr1
582,iS8b5NXnjSNJkKj7u,QDziRssOXo8e2Ng9H
583,W_CzENorj4DFLbyk,v39EbxFGsHtN41fs
584,EEiwcO9lha,VMHfpxPxVu
585,g5NxHAd2G0n7OqAX,mXQP6HsnMwKbsA0N
586,ivyMiwuc,Wgan39Ug
587,0vrwfIZ6QRvqZrTA,bED0lTGRiKP9XuJ1
588,nnywOtWgfgpZqKf9N,a9LFaw518HWmzJpiW
589,EfdTnKEDrsKwS,IEVTimCd0qK9T
590,yrpXwMFdE3bIm9stQ,EQlsTNQLdR9i44LB6
591,YJWyYXn0L,KnrR5m6_7
592,VVbg9OBBshJUtAlZ6l,hL9xn4P96Cx7mbOPPj
593,R2ChVYFFb1,3i5lffP0kV
594,b0xlQmuSyJMyoNx,z3OPcIUjEWQuzxP
595,vkUcpJqTBo5O,kXXLH8Dquvvw
596,ao0ykQETFuWWPW0TZ5,rfnxj_J2r2upDWA6U2
597,JS4IhjgZRqzP,gx9JZFnpo0Cr
598,cJdcMFrT2Swm8,p2g87HSd6pX6P
599,TficX8RzkxG,SNpHvXFBnCP
600,UPzJMS2cG9o40Eh,k5mNEbiPTLAgxRt
601,AD5WAV0MH4J9IC,rxpSUIMpfxIKUa
602,L6ObKREET4COa,_SS8G0XVI2suC
603,Rc0yFnk1T0xS6XZVR,1kYg6rqK2slApRE6G
604,PAV_O5w58gOZDA,AfyrwuP3kpNbO0
605,66J885G07AMS4,8WZa6rn9PsoaB
606,WNCv63bvL5aPRHg,h0_ybU3PfP4Ifwt
607,Laql8jxN,3Sslhfwu
608,65IEoFrjNsa,yNiZYq8kZRy
609,CHRVS6ScUTm6c1mNH,sQJIKY9_xMxa3FO70
610,XBS0u44YJDaNwE,PhCr_zPD9SGBsM
611,hykyKCMg_k1UtW,XfLU7sahv49l7Q
612,rXznrswwcYdVqHhb,_EdrszfDasAV8cPT
613,ra1KW2AruRx,ixgEpdJJjob
614,SUY0DVMUEoSF,tU5K7DWtbeKF
615,0otDk5o9,HlJV1kp3
616,66OWQXp13ab,gI1174LeK8L
617,oV1qBEwkZV,cOqqMcoewf
618,UoByPXihKKWaG,ceDaeO_HKY21g
619,XO3dQCh3,aAGikqoM
620,94d03g9GCatDs,QFoxKGdhjtPQW
621,m2CikeTmaHSsNq,DeeD8DN_QoIpDX
622,hfatTDdUh0MBC30,xKQbObUxpw2D7Lg
623,bZDLZILqpDSIo4,zRx7jxfpLyFEcv
624,kf74WRZ5nCmmh,hWGQMC3v29KnU
625,3ocwPPzvb5L,CJim5FPzUJN
626,tdoDlizU4AcFTxby,52lc2VhqsZ4SqxsZ
627,CFM8gavygIYMRhoQ,awbulCt0lmFuFRIM
628,065qU7J86I9vf3n3J9,xQY_nUMsub7wusWsph
629,yWPGFfecfR0,7gwq1tPnkOF
630,id2XWv4O,P8Y9fFsA
631,8TopP_hal3kgLsaI,sgXJrRg9sIWfKfnO
632,p9K3gvhn9jtcdRLf0,Dzi1ITdqe_dqz_dBU
633,JgyE22qNdGoGr0D,tNp881cJKqgsvL9
634,TX2o_GC4VffYlPI_KF,LTjei5EN4BDPFJiJbG
635,3aKaq7ik4w7R37,9D2wl68oiJ9y6L
636,iv0abwllKk9QkPjg,UfjwQE_yELL9LDgN
637,wkSTqYcZP,b8Asj4m6H
638,VOEvpvTuK1,3JnhKWGt_l
639,YwErurx0V,dqs_8xD7k
640,ih2h4Cet2iy6z9ul6K,SoxUOhfppoR2iyxViX
641,NCn4BGl0Xi8Tg_Hb,V46mtX3YdtOs6kD8
642,RHRNT89eqys,RG6RUDxYFW2
643,5azOrFZl4I4,4BLyYKhWJsc
644,BgFqjmSvOQxCvfC,_9P56EseBT7Fhol
645,J73oPBqht6d,4YaJuz3dBsS
646,o96qTrHMvV_1ABr2,sIZLll2hNClizxrm
647,Zk7CTU6ftGV6DdKrh1,phpPatFol04s0B0vYv
648,xMW5OC8o9,nPh_iVWce
649,psaFB64c,eYwF7Y5S
650,pLTSzqLN,iwemYKGj
651,eeTY9TMeyE3Q1xob6,cAe3yACyJBLsU8A2B
652,IqKXgut46w,P7RJIJUO6v
653,D6IP_mX7,k9HVyGOo
654,eHz1Z_riRq,TbgxZvox3V
655,25Yy3TRlsZxiF,xlQuEGb5UuEMD
656,brQQMGeeJ,UgZSqH9Ua
657,I3cMQ1DGcUa,5IzPap0Erto
658,jmi0qmGLuQg_d1,qs8Un1fcgMAeic
659,wDPCC4oo5rho,aEqtMoObUJtr
660,aD8GEIAXoIrGtI,Ld7yqMM6LUEX7u
661,kmVsUbrI,KyiY5_P5
662,HmgaERAFSqSKo1C,lpldN4N0dAJvU8h
663,GiTH5ZVrTb,gZbBVY7KyW
664,6xbzZc8f5,OV789quS4
665,YXAeeKXNVou7SQ,qQKbrNzGdv5f7f
666,rnpRxNJRCqtEt,E4xzVzbc2hKRD
667,4rcblS4m5,Eo9uFUPtV
668,pFc09NpTuqwZzs_a,dgdjRlL6pzRp5Ecb
669,pXt9klTg1zJIFU_J,2vGhsctAFyLft2HS
670,C7kgn1i8iCgy,3kvqk9XBWvTI
671,8RGVwhOfqnR59Gh,_rt_fXvPyYsSK22
672,daP4MQmc34rWlXy,nMnrVdbribLunqQ
673,ETiqyw6eOgL9Vdhi,LiGf1vZwgjRs3erF
674,oogtyC_k90SCt8GVC,MjK5uZId2cc5gi2PE
675,B8fWqtySAmgHrSj,9Zr9WU1MyoJfWmC
676,oJ9iSkt_QHRuf_aJ0,E2AJvrKU7RUmJTbgB
677,6yR6VzjwKvGi6y,nTi49rB8Ibb6jt
678,V8P7gIHGZ21Am,lnh973Nd3LoWu
679,w630nVTH5qzFlw__CD,ugkgmsPejtRPQrSS3v
680,VjeH1Ah0,ts9G_MZs
681,U3E6eJrK9hmbI,aHC29QGAM_Mxx
682,cAt_CVhbO4Q4ZHuv,uRwFEGadWCzVa8rO
683,HO62Kk0vKgyHOZx,PqpsIakTsjEzziu
684,5Znw5uSbmkk,cPgbnFBeO9F
685,ev0eynDxmLZ,OoZyGVqbphW
686,EVuTUFME0BE11c_,taSTS4FqMiffXne
687,vtxYCg4K,7TjKZVUR
688,wsi2LUWSLWoGVnZhX,_VH_RaUfXrqdWZ5fR
689,MHCfg1FNP4G9GeD,ViLHPFIYRKQDpNX
690,jRGPx5XCvwoYVgK,qeqm0NmQpGhBNBU
691,eeMlbOuxfDuvtK3Cd,u8IbTAD7vElWThCBx
692,RlKqBbFiLNg,eFAjwHvwekL
693,fz3GkbDsV4VOu,2h599ehFihmJr
694,Xi93P7gnSQfzUOwCF1,CoAS3eQJ6PwHi2ls_S
695,NV4499XOWXjuonlAoV,xCmxak1oK6optb6DtU
696,sATSaTxcVCwNJye,e4dKIYESwqu18hs
697,1mwLrknU2I,qNxaEAUg6t
698,WxONvG42oSw,aU91JI7QzA5
699,D7ABcRyOmnpBJSc,kLupB5bxISvLUw_
700,Fis1494QZnL,5iQLQrHd8mU
701,VBEGCkDxZvABpgA,LXfAVAAMkCLGpim
702,UyfJNkMnEoioPUX,NKLF0R6KEv0iYHr
703,kJobhCDSrNT9ZutH,Bj0XovM6QgwzfaPZ
704,naRPnkJmrlkZblG,JoI8Ay5NdYAnrZK
705,LNGtgfeY,LtZRxDhZ
706,gzN0pP0XHYihj,MyhezO8GNBdbC
707,GnRLd_2uVySLy8ic,XhnqXht3MXyHHMYF
708,FOc6As_P,J6dr1hN1
709,0jJ4TSKkKqqXFS868,cCPb9I8T6BJPE8hPw
710,1mIj_tFC2xbJ,7FnefIgC4itu
711,byofxrdcQ_A,uWDMIGgWsrt
712,tNv65GhQHe8O,A9ZeZW3_YBPP
713,dz53hYKv67UpKW,wTPUeES6w5YcR1
714,DThzsYx8y8,wCWnm2W2u8
715,VU4pRt_NKT,EOiwSCvlVP
716,H9hPR_tJ28,JSO3vPw7sC
717,D9D0hin0pluvtxd4_c,zUUujmak1vlyynltrr
718,0KXl5EbB8BXa2j,pi3iTUEf921HhB
719,c00B6Hh3Q8lRqRI8,Dl2otn1XiBgvt60U
720,Vpd03vcJlts8It,ciUF7s7YnNDn7R
721,eWoLDAMvAX,flqZdSU2xr
722,CqfRRurCiix_i,2VwwZy63hUPzk
723,4M5iesti,02BhKa8H
724,yO3qjsSb_8k0bJGede,TEFx4bPWGuaCIzgqEX
725,7a3uWVrugN1n8Tt33,hnHhNeNcYvDghZqz1
726,4HtWYBTpJ44G,scuYruHZ6621
727,Yem5iwbNEKW,HNreKJZafs_
728,9qXIygkFD61NsvnNr,ZV7TygovKdFzEes1X
729,37Id1ls0qHR,onzFnduSvA3
730,It41WSLY4jNQj14,rP2df7aInOxYDHB
731,SJLXJGjlmb0yx,LJhN_6bQ0y5Yi
732,l1Dz3Xbm1zpx,uywo8LduQpM7
733,jN12PojPzfsN13Fab,e0XNoNlqirjUCSChM
734,dxMaVdhlgNHMY,au9mQbPCTa8SD
735,wdnBJolYyJp3dchqqD,bmyX__4jLDJPSeK6hl
736,wlyY7AbYpDvsit0a,pyxQ91ocy0Iye4rp
737,yuBFFKoKXd,IfYwQqhkNU
738,dxrLoGC1FQsN7Xw0P3,XBn_jWTtJuNEm6cYU5
739,PoPmvhq26TB5Ma8u47,IQh16BYzitkWFjg10D
740,UDLzOpXZ7PyfqmzAmE,MgX3IC3moboR9y5c6W
741,RYumKtSRm,X5_T7M_fA
742,PASnjgdIFVH8ekh,j1Wo0yF4_mpIt85
743,cqtfYcLJt8H9a58VHY,F7Gcv6Lt2EzOb04JQT
744,HZxUWiwMY2Huee,EPu1JXrCZmocOa
745,yju4gIM8,JeOUasmu
746,O8RNwLo2NHCJ3Sr,7affDchoDy9u4bs
747,5kn74ixfY,RfEibWRfk
748,lF9dtWuYZ645Ru_p,jKPq32rdg79yGo1M
749,c6zxl7rEkyC4DfUk,xoF7T96rI9Vp_oHx
750,1qeKAQRk,XuHWt_lv
751,uG7EIr1y6m3,OKann4RcWqf
752,YI2lPtkZFjrSy,C8JGdtmrQ891l
753,nIk6sapBdqcoLo,whsjn9sQ3JRpHL
754,NDtAJVuTaK,dx_86zE5wc
755,DsMbNKleVuHONmLC7n,ypwl1kR0rW1A8nnEG5
756,MumcgAACvMW_jZ9YQ6,mwr5H6KmYlmdkL_n1n
757,YQEQOv8RAJmhUHKbl,q4B_Mfrs4izRXe4o2
758,41aCBOUfgI,oiJ7EENdkH
759,HxZheizW1f,neiTl6MV6L
760,hRZ4E1WpCxi_Zfb8,sqPI0dsM3MzmdcAy
761,OI1bCqSy0Aq,lYJjUkWx4SS
762,QvcFtVz0hsEAZGOjnz,vaV3pSZX2vZKVcW_ji
763,DADfk0h_uBURAhca,IF4iLpzm2sPNfNCm
764,6M9VuzIR,NKBqlFHU
765,1lYERUFsHCx13N,tCcC9J4CcelEHe
766,_H_uaSnpBLgchAkbw,W2k85dOh3Ozpfj9aO
767,kFWnFnlt5QEJw,8Pi36DVSOdRVs
768,0uKmTFdVasQObrp9,5JifC2w7HwBcM_BW
769,34S0ru2vGuFBN2,4CAV1wEbyaQQ1T
770,7jOqnhr0afMdd471GT,8pa5lhM5s2vXnV0hSF
771,LFcXcFs0kvREPk,6DPCwPS41VX_Uc
772,G4SYdJE6kSNg9Pno,NCuGzmr0yx4ypadA
773,kXkHSBQW,5tYH_hjC
774,VBbMV6TomGQbBkieR,o1B7eR9sCtQPLqNzW
775,KcOAG3fFiDk,rNnTth4hakk
776,wha7UrH8fAoxo8yiCb,x5W6Jy7txlgg9IodOW
777,Fe_Dt0SlEKcTLZ,OsWaYUdWXSOVDC
778,hVSrBoOCr7ME7j8m,q7y33mCn321F3wfY
779,MfGBJEOLWD,wtHOakTJ47
780,KFyLFQwhNML9x,RhY0_hqsms8iT
781,Z3SVr6aWEAufyg9P4,MFPoRIehciMSe1Lr5
782,i3yWAl3iyYK3Vr,uzfdySbfZtJdkj
783,OsSOWJCnklX,laXMwiFqcOJ
784,jqOjMAozqaIgJAbdT,kU3QwogzXDHH89B50
785,by4nZQjN2JVjHiwtz,qZQKcqGdVl1TJY6JL
786,NuAlBBVOExWvfU1,5WMoKVf0O0l57Cx
787,X12Tji2_yxUW92j,snSTj3ZW1_nBNoC
788,uyEd7iIBEKSU,a61jEY2PXowy
789,dTSzukJvxcsf,OVQCy5ssdIqP
790,KOETOegssffK84P,kU0Bm9F6nGWHbiA
791,QdGuQ87i,NahOVvBx
792,3CxVVHhRNnOxV6riWO,nZN2tBgSOsTIGbPNzP
793,4GMfRrxR,3d14_L6Q
794,rHh4ORsg8C,LNzMai22Ss
795,CRcwD6NejY,obCy2YKONL
796,q2BJsX5VXT,xgYkI0x_An
797,a2VPxzmBq2oLkiUZpv,rTgUTYQRlBTi1FKgzN
798,s5GDjbV2Heb,u2MsNMlkp75
799,nKN1o21fROxN,Ai1u3saX5mEe
800,5LwXzV_p,F8PJap_g
801,1Xrh3oulLJOGZm0,bD32wHpSKoN7qTd
802,LA3xWVnN,bE8ONrpt
803,gCB9o5HC,EipP1NWB
804,Gad_cO1XyRntnRhZ,VQxnhQyjzXVoPSHb
805,c5spmGq1SNrp1e56,tvm1AHs7hwn1HW_J
806,uf8crbJbbn0yY,KCYleDZaQMHAV
807,8apbxOaM37d,AbuCJIOBv8G
808,LoNU2TQ_ibnk,onk5hwx1u28s
809,_teBNeXXEquCj6YHWM,2EtHFaVxqsbJHp213X
810,MKSoGXmr,xHyGEoyf
811,9pErNo7LwMjt,qWGMbY9HiHwt
812,gV53OthcWD,Oj6DFXmd8h
813,gGLEo06IQtvQztn,K98AsHfSP1RnPGn
814,TOB9iOsUuZsZUI,7McF_DtSt05ikX
815,NLhpeiWpZRYs6ocP6,k8MknRU79FOTSSdRB
816,CI1AMm29nr4523yrln,Shqvaoe6PLuFGJ6pL5
817,DsXhyedSX1VvU,cFjkSpgGTZeHw
818,A8WJ46k2QrR_vFx,yLEdYh5k8pduF_s
819,eRodbmpj,NDEIDOzj
820,095Kd3pTv7WIhy_NNP,4nTURdrJqNeua0LMuk
821,IX4hlF3CNb,ekE_DsvZ_M
822,yyFETCijmEQmDaf8,ikStiL5QBuPEyurS
823,kAlwihNViHMouJUWr5,TlicnNHuoZrdz3ZxiL
824,YImLtJB0,ifxi5KGz
825,Hx5bY0iIssRiLj1y0N,5qj6DzNbzSvak9RLSC
826,el6GrOLpM,F9bc_PENs
827,EAbedk35PU,tv_p0ltGGU
828,hMDqyx65gpAvOLNgnh,_KFbL6HypJMRSAgUbi
829,EmlHQDKU3jpevXXkEE,wFo41LKvzzM1cBVPB3
830,jJNP9ATRvtc,B8gJK2G5iQa
831,QtQO_aFIQ3pctjE6,orbu36RebEIxEjCf
832,U3EfeRzuh5FTyZ8KP,Lyj65Kpna3qiG2ol4
833,O0NQAsOibiRPJO_,pWNrGYYMAv1Zun8
834,lTr7Tw98QBV,OL7yoHst_fS
835,Erw_NXu2QzrwZm21t,OBKPT87Gs3PZe2npu
836,l2HlG0QAEJA,eBQpNiqYeqD
837,jv_O8e7Wpi9zs,oN1sslZVTK5fc
838,OhDkBquW2Bwix4OaX,sHCgzNIdMVnEmEgO7
839,p9PXRsMx,Wmh80_AK
840,MyjlWZyQZ3S4,8nE8sxqaj9vc
841,JDK7qroyp,pfrGSnDbH
842,FWaMr0JJ,dp8s51lQ
843,R0nQWKhuGVK,SZ6am4iEsXt
844,zlDCKiKc3T,D_rWNGXa5V
845,UYyw4AFOG,zrKtIb35r
846,v3UWfRtdwq4VX,6BeT2F3p6ObF6
847,4LnqZKh5mzrhzS,LDbfgU6hYnhoTH
848,3fCwwBW7umCxuQD,W1joi2BJd04u8Wa
849,hAH8jpBlX3S6Dji,OSGkLHBAJ6kGcEK
850,VXDQy7Ic3Wj5ogzb,WDdpjVmK9Bx7Ki4S
851,FIFFtI4rtigg,GMzJh7YFPXkV
852,5TpaHpNrAHJqOYQF,TsjWMAzECnfRUJJ6
853,xZKpQIkD,PAWnx4CK
854,chAORAiPYSxivN0O9,mekO6pirwMAcMbXNw
855,PxTUZn00socSOn,GKePrieb_aBR6T
856,246_8FQSEeAe6E,IAbUDNTt8mqMxv
857,a2zexdio_,SFb7Apnyi
858,kx9lZlJ0N,f2_d5ohqj
859,SQCfZ7WLzxVvuTnEy,jsnWmODdjf1zimoeg
860,7zW9m8pQ,Ggx4tkJ9
861,R1pORg51hpHgET0s,wnteWZ93IPTUIlTa
862,dCwyAMeFexnxXB,ng8q56vUydZx0V
863,qujcn2gL,2p9_HAIe
864,ElPw7ooExJi5H8V8mb,zC9bJJu2HnQr9X_D2o
865,gI_HjBN6376F0sheO,JKt3DHsfR1xxenA1h
866,8zgMsJ1Fz,Asq3a3wRP
867,n1f7ZrPlmJ7eS8,jXombB0K7OC5CF
868,sRh6gHnI3Z0rQI,bLGekW8mmq3F8_
869,bnxP24318,TjVviMXIs
870,OdkKUYhRjJ1nj,2tlkB6u0oufYk
871,1jrWJZhvXzBx,o_RRJjDvbGAQ
872,d_KWekER1,ZzsHBELUf
873,HP_ekmLCO9Ror,9SWqGQ39UveDp
874,VL28LmWvM5NFrL,Qli94Ww5MLUW7c
875,IVRM5tU4vRVo40jc8K,lwgFWwWMFVyUZdV3p1
876,KAdNIfGxGKPDa,yE50qGw4qifiO
877,bcgkGt3YDy2b,ZPOtqDh72Zvq
878,MExLOXYzo6HZw1Ef,v3_2pH4jMWlFrYHa
879,hf_c1yyWYu86,i8QLPN4Jot4k
880,WQVOwtpUp6K3x,YBloF8RiTrUA2
881,otjHTEFPU,XrLp3hWig
882,1RQb2r1wfZU,0LH9cLLLnxb
883,VdEeCYDGG3GrGCapZ,YeC24CYmPnm5Poy36
884,TmNJBJdFcScIQGCsSd,BsqGq_8dpbEtculdYT
885,FN9BxNSDA,9maU4YS7u
886,YmKF7xF3EpA,BwqCvvxbrhQ
887,dCCYBC5MH,huAX7CCFD
888,uZBFN8klsZU1YER,TJKAolkGcMfNaBW
889,xItFaW0_Cbs3VmXnN,et63dKDHJIkSAc2ey
890,Vh9PaZ76fvA8AINiYD,jZ_kOcKWSex9Jeftfy
891,m9tYzWQK6OLNLcX4mF,XErfl75GWxsLW5kz9X
892,hynI5aLmexZ1CkE,xi9mC8RJPsqmNE2
893,tdBBfNZeggBVuvO7My,q20aHXYRjBFYUM13pl
894,PqS3YNn6U,h3oesDg5Y
895,Z25gKRSa,1I5VMLp8
896,cACC_4yek_0,6yAhIDGD1fJ
897,NVrwLQ3bQ,JR4eZppek
898,zvkBdcX9AHzwliwG,ciOYlS5nk4n1frSq
899,IfqRkl01d,J_F2Sv5Sv
900,zAvzfWmQ2FnzRBQ,msf4uCtGyqZXx7A
901,O_A_rgFrWkyXKHn,X6Xrd8SWphZWRl2
902,Im4GYFrs,Pbocfkqb
903,ZxCpa74dDJif9Y,YrK8L2MH7YHLUO
904,0YfgT0521LetZr,iFKNhVKybceqDi
905,Bn2KdE9kzzG58Z,LNKhOFHEmyHpqg
906,EN4FEMYPTpyQ,U1HrbDtOyuOz
907,Wl7dt6dIm,VLGyzmA5J
908,dYaRtwANUmWxzk5u,PYodp_4c4gz9rhyO
909,MR2lGqbmABMDy0yfLc,KF78wrbg1WOMcoKjBz
910,OpKMQhEgXqPDCI,h7a2_Ojtb7dJnO
911,cPxhuu64,hNAlDloW
912,ydyvntJHZnw7,gfh1TpBcYj_F
913,EeeJRicT,hYOlzalB
914,agpKZ_IWN9YI1mF6Sn,A_0z32m7q8kzj6RWrS
915,JneKVsC9KN,LBS8I537W7
916,Ptd0ZB09duX,kL7cFX0X451
917,a1LokLPKPXPwNFFr,zJOexBAc5tabLvvP
918,wNy_m9Gbd,u6z6YZ29j
919,XE4rdmLBoaKlAB,Eka4mawtBQM8mU
920,BhO79ZB4K94sOOQH0d,mX022ywIhmvexIJu3I
921,bERIx7gtL6,aGlszobDfH
922,rZTD6Y2V1S,nXFLYdnQqK
923,ZFysw_Zn623wO,2b1aDaxCJBdbn
924,Mllh596jp,Gs7LmgCwE
925,bCbebQIUpnx,2rP3drnx4gB
926,yVkFRsrMm,F13poBeN8
927,BoU52Yor,GdzMPbko
928,JUYHs91VvIX4,MUILgDe4V0RH
929,Ezv3pfuSsqHr38bK,ASKUn4IRQgDcyDb7
930,GziaPN9xw,U5pLB5OA3
931,enGpQSzIpTZSSo6OV,F5pfcUhYkJR5vF2GE
932,t_ZEjrF9Gwz2cCt0,FpQBsNVloXaH61mn
933,jn6aMKjxdwBPJ,4bzXnMp04lrBt
934,HVNPR1djIs,VobBy185tl
935,NgF6aMUp4coqEmGF,32GLIzL6JIl9wwSS
936,t90hSBUONl,mQhXBeiCVh
937,F41uEgeW77r,8rKDGj2R4IM
938,3VMWa65d,5hlj2VUM
939,q6ixSIDl9jaiG974gu,rkYoiQQwTmILMPIV2g
940,xRjh9jnQqv9b,VtQ3jPbUrcwo
941,VHUevjOCME_A53k0,xgru9f9L7zezhT7R
942,fVlvzccq,SVYt0Dzi
943,tIpKwMXTRxa2FxA_,TmxjHb6DPDOKLAQl
944,Y7YOM4eD,nkV17a0t
945,aOXZzhZCBm,2rTNF6NwhD
946,tliC_zs3xUhwa2kN,P2QBZtnznXgPQzFQ
947,Hb_v19tUGZOJm1JyL,kGSSYGpNqqMBV4mwM
948,zWSYyp_AESeTg,cvUPSIMSrROJS
949,fVDx0cIrxvwpzO,Mc9oYVvnzfLtPv
950,GYstEn76h_zTd170,ork4tpS01YwRQTyl
951,mkXFXnhE,nGp58OAJ
952,VY0ZiGGypQlSIRY,ji9AlXqf2A2J2vh
953,xv06jpLHG7Jf3y,N0WhDSQYadG19b
954,qDt6XUTNrRmri0NM,ANgz7f3GxFWbMJkp
955,y2NCTAEWBH1l,bE78R52Fy2r2
956,2aJ2j1CC,3cS7rC1a
957,qpG5RrGbc,PHEN072LZ
958,EfjHU1eQTI,UDr5tAi13z
959,RRocEhqAbxlxDW,0A0UILs2VJo7BE
960,oLkcSFoDyGmGodMoD,CmZzKNvjxW32gfqfL
961,91817dYRTe2594,OCXJdSEbkiLaVP
962,UpQsuyRox3kUR,KZmbPN_ZVbXFq
963,9HRz36XINS,DeR9t8tPAQ
964,Fl88isqzPBmTIl8l,TXkn6QDdi1MLMe3H
965,XCmcHKToRWdDr,5qCMBBYyDNZa4
966,D6DzevhM_I9,NqRz7oTWqrC
967,1_8pCQqHbkkxNaKA6,_27l9bCtgJELxe4Uq
968,7tQZeLGhTbZgCr8f,AAhSAxh4UoPd1YB0
969,CsNAGw8ti2tVwZQQ,zKUZ7OcISu7SvBfd
970,f67nSbpPKVW6sjdCT6,rS85tCmqiK9bbm5xKr
971,FlbDC98zpZFh919W,b9MnI0LxlPrtlAUm
972,xFrC5okW,71bX70F3
973,rXSvOjTU5NBa,nmkTS9Y7zrgr
974,oZlAPMB4TBGzsY7,HPccaexBKUe8g27
975,f7Fg7imuDvcnOL6E9,RdsrjxsewaRYdBcX6
976,D_Xy_wLcp,cPPEC_5Ny
977,ZRzQTJktZR0UWuHy71,nse1NQSTXeLbUM469n
978,sLosSWZ_irVl4qbe4L,HqkeNKfMtKfkKh9eAu
979,GPoT5LNJmh6Eq8O,Z5dnHy8Ooe3cUNY
980,TKZquCMRBEET,4KsMno1pwF9o
981,aThpCvX6,X9H2E2_6
982,Kdqcktyt,glzztGS2
983,rsKZT2LU1fM,RMn8K4TTiBd
984,YlWehdkEPqLfeNqTi,d1AEq4RKEZ_TYWqzf
985,zrecQkp76zfgnv,59xcDAhecgAAdP
986,z0VMypcgi0dqXKJEr,ZZYNuDwjx4fkFG5aX
987,Fq0iAZMe02HP1D,Id0ECwgMpZv79U
988,s5RPUGcP,2xq7htRx
989,ES8n_g8A1eGr8jp,UegSi22DkFYT8iV
990,onhDhABtAs,xuc_IAYO3L
991,o5JWZrRSx9,xKdEkMQ5k4
992,sa7u7lp_T651HC,Ubw8STzaGP197Z
993,dXLCfpIF8C8,3uHTPdQXce6
994,H2Ogrlk_M,weX_jmuvS
995,YDErC9Ee,OPurEvvV
996,qxX_c8yfWJuLoga8PW,_6WCYrqTWXdRVdctme
997,y1qGpWitKdV,vAsdLOJctZh
998,EQ6DzhvE,ZUNhWNK3
999,wuyYxi6w4lGLM,0cM2wiA1KZLPB
1000,m35xrOAdoH_b,J58BzgsX_pQQ
