1,IJY6sQHBPR
2,AGqUZ_W2W
3,NuFyxruAr
4,skPAysD_sEasq
5,4sq6Mr9rkhQv74Bp
6,m3qXuQd4opwvd
7,1JTkBpwImx1fybFyY
8,71Oth7JDr
9,wKfC6jNgrEFqTGz7
10,Btbo_0jYoypww9h5k_
11,y415m35oPq1
12,5zzNiuj9
13,yZ0G2ftc7n7JnY7do
14,kpADi16W
15,yFKR7qLM8Ro5y3NEy
16,aCnmwNF1PFplwZ_r
17,qkZqHtWewruXQVd
18,3FucFlj1p
19,FtN9ofEWTpOedeQP4
20,D53dZIEXXMu37VV
21,b_pRoxYy_2Edu
22,AR50qxdoI
23,9U2trOhlSpBB
24,Ec82WfGkrGx4Fu1
25,DrBep8hcC9J2X
26,IsYnkhgOABErXbH7
27,NR34CVFfr
28,zhI1C2nFB1nCU
29,75iBYn4YZVZXpvSqFH
30,d2nGNG3QUa4vO
31,c7sVrVybpqLi4
32,Bju3yWTJe0
33,nB_PK9xK4dXtzPGn5
34,l2dfKGuIoZM4Ty
35,xmXBPmacNAIHA
36,J7mmX9EkBzYtlskV_m
37,2vMJs_VhOBpPR
38,J0hviTdcSgAX0B
39,vt9GExhRPjVVCcUJ
40,FY5iOGKHEaCDj
41,UcG4bnIanAP8
42,W5UQAxAkzlqztwo1L
43,VAq6MLlOL9_g
44,lLczzzlTjwiO
45,KzqXPGgrJAm
46,uL7gzsO5wR7Jbx5z
47,TwIcII9h5md8
48,bSZ4dxkWuVHrKE
49,XF3TQEWp
50,tsFufA6cGl4
51,6PMSCH0z0qg
52,Qm16hKwb97
53,i5UYuNzFB9CW7P2vK
54,BtJ8SdV7m8F6R1gM
55,7ih6oDanAgQ
56,QQ4zw6nV6JBgU
57,AnlqB4c2ez5
58,ToQpKcwqBT
59,2SyD6mP9EvLxS0M0
60,ARQKLkWKuPJ7okt64
61,mCUPuuuFSNE_Bw
62,cw_eYSe2Z_ZSe
63,L8uZLysmyfPAHtnGwH
64,jo9EeCyVSKi
65,Ikuu47JuCMq0FPp6
66,1fXAS9gZ
67,RHd5F7nziI4JhSYjN
68,yQDYJgRfuLK
69,TDNNCHHUWcg2
70,vVjNssb0MewO4
71,Wk2QMmt5
72,Bz6GGDXQGbnbWHf5h4
73,V4awhrJD
74,7SRSl1QPJ41j
75,mZ0m4WxnffusB4
76,o0Wh10Ob8xCi7Krv3d
77,Dz7rcrc_fmZENNh
78,JKzneKHhN6uGLu
79,Vsu8G4S8I
80,7J5rsX5umIurYd
81,Xwlyj8aIH2
82,aEEVG27x3Xaah
83,KmkFwKhMw
84,iPGEzxwgQjcxs42739
85,NOxCIHrBzPIjhA4s
86,3o8UQgsTh6bxfa
87,mlEl3gw1j7
88,wrI9IQMBNAo50zs
89,EIaHTh4Nli
90,KM4xbnOcpy
91,yAm0rWAf7Ryd9ezPF
92,0FzVn6Wsm_
93,jHkYX2HE1SmttxjVS
94,ljwYjw33M9
95,KPrwTCAjtDEmJ5nSt
96,krS8_Lfk6NDYRznZC
97,5hwPeKXPvxqHLv
98,s87DWew4wkG
99,WRefpytT9PTBNwJ
100,uP3YWIEn9le
101,5s_v_xlbGJqTyy
102,ixaoFBVDNLpcBDNb
103,PVXm550xmOnkj8zTI9
104,MjEwPcY0Mr
105,T94598dV3AVu6q6YI
106,o2n9DtoyDc5s3dH
107,f_HY2wSfUnORg
108,QXKwuBfL3gBP8l
109,jQRgxNs5E
110,5MXaqYRF8b
111,gTtOzAPgcUFuQE
112,eIrhZDBN7vVrP0s
113,St8ULGHbCAbUKTw
114,uJrDKeH7H_6cE
115,lkVZYo1Go5uRdLb
116,Q0dkR8Mjf_BW
117,Zwc_tbwI0mhLhUOxVG
118,lCtsMh8VKE405VF2J
119,MDDyj0PzEHt
120,Lil7jTK4
121,Q0z6Oebl8YbbpCMUZ
122,nGrK41mCjHa91jNV
123,Hxl1Q46U8gB
124,lcWfZQPXg
125,b_7e_R_Zb5zDY
126,hiXvVleFmD8
127,taLvRr2jhNAE91UukJ
128,yabO9S2W
129,d0eVaNKVvPMpe
130,06FAMeA1JGGR
131,u1X2oXMjvvfdvHht
132,yNd9OA9RG02afWiqkt
133,j1BfRs_yib1ClVrn4
134,ZLo2SVUCjzVW0Kl
135,v7bFPoFlN34iBPmDRw
136,wWrp4nmVoY6gz
137,HTF1PlOR
138,Lvvyd8Bezc7bGI1A
139,Rd0ua_Kk8O8LxSIU
140,ReR6IWSVcu
141,NtWZvtHvB3i
142,WfFKGYHe3qSyvHuGQ3
143,3zi9sKGeQv6pYFu
144,p7wx3Lj_uT8
145,iaqGi9tpVu8Ky
146,qUZN0fxQXYN5E
147,AeGXiUA3X4MIzH
148,AkzppVpwXie
149,0uajlQ3FpcUY3l8udZ
150,eahgAC2lP0WE_d7x
151,jgaYMjjhYAUO4knrJZ
152,zUcdmq0c3wzGFLIRk
153,KiBCRw8A90Eap
154,XxtDCtuJgspualfzhn
155,GAzS1nGIKFPphM67c
156,fJGI7N_7
157,sB0h7tQUtmy4ETD
158,aB5vDEyBT
159,Pe5hW36H
160,nN5jQKsUuLOGtP
161,AdELlDyFtZ
162,ZoksWG52HXgoepC
163,wRUojxDJQE6SOj6LA0
164,mmxXGafFKR
165,li2n7xBQ_yozojDvO
166,12eY82eDsRRuW
167,QTOxrgDnbBruapHE5
168,cSeL_Rfs
169,voR08sqNsE1apJPFfL
170,nP_uWKXVJ
171,mKIYN1Kz
172,uBJhpX6XZT9RR
173,7gISGOLyWoF3KF7
174,7IHbvj9x1kQg0WADTv
175,Gp_r4eY4k
176,dzMtIzzI5yY6R
177,E4PIfWGGihT3Q9Zf
178,b6YjexIV
179,UxlZ9PyqugJl
180,o0qHcy3XDKA
181,vd6TSAoJL9bOAcX
182,4ddPJq4Tf
183,1vDj1g2mMYX6wyL1
184,aP_O_zPioU
185,uDot4PUnlGgJG
186,Jlikn4QSYB
187,M5GabI0_80hRF72jd
188,jSHXN31_YPgPfCcGX
189,X8NTnDyfUyaIP
190,vr67d6039c3IxS
191,Z9YToI8b2tqj
192,1Huh9_uqKD4uIvb
193,6Smf1C5P
194,c_JDoUcs
195,hH1Splgb
196,YmnlAvHI_5PKTrin
197,0JaW5grFg04Z
198,xPi3hVWzqTFurv1
199,nYTFDz4b_
200,_YVaECXC
201,JoMshhzyPa5X_Z5GKp
202,SVFXkbxAAr7D
203,3vkdMpAOXQAOz3oc
204,8bf0fTdwAuIuZCI11F
205,Bu7XmnqWbnp
206,xF4HqVIVnypslU
207,D6kWztw1N
208,3nnGM1r_46I
209,5wW5JX_8YM
210,EdXZeEuk
211,m2ps7cgCcuieetAgY
212,lpVfHdJXwzgA1lWNK
213,obCVgnFi
214,Ml2um62Xrblq
215,D6U4k5I80La
216,k9ZdW3OHDYA
217,3tY7QvirH24vDRwgU
218,ujUp6vS_
219,1GgW1Fzq6D7lCqYyKL
220,79jEb2Rb0
221,XunNNZ47
222,pjQ2fMi1
223,Nz5x0Chx46EGXMUf
224,yXTxKG_cqX0UOp
225,PikQjRX2MideaBkw
226,9VKCIXPn2laf
227,3EuHT22VB
228,i0wBC4Om8r2kb
229,rXqMXoYOIBE
230,Ep7jzwNfG157wneRC
231,Xhpm21TFGteVi
232,jAUsegEHHagNVTS
233,BGfdsN5_
234,g2FkyAMkQOHMWnod
235,VqUfRPYA
236,CP24z1JhT
237,aZ0xO9s9
238,yXU8zzzxi4DMS6LwF
239,AaqMgqqyaDFPMVru
240,Lk0iTPA8v
241,_d0wkePbGmPQ
242,agZOHfOqQqzTc0ItD
243,DGZPw5gUA
244,3P191TAQG
245,VOLag9eXufb4z
246,FicXrczm7VX
247,Iq80acOkyroYS
248,iIl31c6l6dyUKp
249,J3RYvQpGLvSCh
250,3bjsMKhJXrSIO
251,Io0jQsXA7AFt
252,yvVTpqYa
253,6NtcGluCm6YLxNJg
254,4aOWkzny
255,NuHx2efet6kS
256,NgkGdwpN
257,fST1ak1m2G8IgBKhjM
258,hQ9Xt2afgNyTRskN
259,xxcukgCgUFKJF
260,DbQqyvDB
261,4VBLJwXeqD6ChZuP
262,tou5zHDZbz
263,AbxacBWZShEJm6q
264,AWJiJEQQ
265,UBZUSzmL_FU
266,jJoVpzIexeYUg
267,PHBZfomt2J
268,Isldmo7VB9uQVZucBW
269,RpmZy_bxRO6BqOJmUT
270,6VbIjcBlZXt
271,VcvoqKwB
272,bMaCnmGoZ
273,0OB74cUtGB
274,6lpl_vMQ5t
275,kKDRYQay0w
276,a633R7fQuEuJ9buQ
277,5NR52ZFyy
278,1NCcJUg29y7i0p
279,q57DUgSJ
280,XK8T1wk6
281,idoB79HBHdu_W
282,1IBBBSPhaXvXy6Q
283,A5Trxydho9vjV21Zv
284,0epctcZCiw
285,SzBZAODhlAqRktAL
286,IiUe5VLYAhGjrH2leW
287,o7VuOIEhhf0VYBaz
288,aQJ3FzCUz
289,fYH_mBGtcxXwFJc
290,jaxhjSFvcE
291,81LS19DXw_xKUA4
292,Q98IAJGQU
293,qgATvBLKVXBRSmf
294,Zp1COmxwuj
295,BvjfXFnYAp1j0wULcI
296,BGoUP84KdwgO0
297,cFG_OE7FM2X9
298,c9CQVp1jRPyTMK
299,jRAZ6B0gD
300,4S3ihQpLfsaHnaGqx
301,qAuKUinFXcb9L5nbU
302,LevX4u0zXEvUPO_5_A
303,hbAg3XIB064
304,hje9vbliC
305,mrL0B_nK3RUs
306,D1fAXD3_JQCC_E
307,CPmQRvmFjVhdl
308,7SfoGCWWTJcHjI
309,3dwarfktyR
310,lAJsojd4iI
311,0E4Uk5FGV
312,E0UxjHMy_0fxO3jY
313,4nuaYc1iU630KM
314,n0xRFOweTOZLEHmrb
315,8bRdl2sAsks
316,0cu2Ruk0FNZ
317,VWu5rjyetl
318,2ZWl4BsWE1
319,f9g2mhG897gHgD
320,N38RMZbu
321,mXvEOhGCAYqapY6o30
322,V8pCleTFy
323,9GxqT9RnoHOu9
324,kbbbE3iQbYM
325,OeZBz2wLib
326,9OYaxxw06QRu
327,B38PVvX3DRUdfHC
328,_tuPARkfdFGAxbgCXG
329,96mWDkPmWSjBi
330,jCWSsOMF3Jj
331,v7bF4E_hZIQt
332,dJ3vcn4vQ
333,OcELIMlHH_cRCw8H7d
334,hqKWaxLz20ygigYE_M
335,5NiVeD1i
336,AZcKvUctv9Uf8LM
337,pIwe5pFkVRzryp
338,UtBq93ANhvdbw
339,vPhncwNoBb
340,ONOrDK0CHMZKl
341,ba9qkFs0GzfG4Tl7EA
342,YLKs8i6xBFyJjvR
343,WsDRIQ_grWbFl
344,ZqVMDE2AdSjQYEE5UC
345,6Vm6HQKLVte_XAiQ
346,LVxN4e4u13
347,x2QmPY7JP8M1mTroGj
348,kauZdZeQ9R
349,kk8YwnVeUE8Ar4jkX
350,Fii3I6ABB2pvGZjtGx
351,Mkhm2RrcLeP_XUO
352,qIPGclC8RrsX
353,cN3DYF3FqiM
354,nrZgE2qrkb
355,jgMoCIJjEJV
356,nUpmXiGlXlWXbGA
357,iDDFARkwoMuVaL9cN
358,iwsTlHrDaNt
359,vuH5oybrT
360,XhCFQjA8
361,l57GrCugbUIHLu1uwX
362,8PXvc1B6amG
363,2o0lnx2ojYvWiX_LV
364,NqK1PEy0iFQ
365,cMAq8xKQ55H7unJHHH
366,uawjBeJYqd4lepBBCW
367,aSEWu2sKh
368,ArGcpPOSkG
369,IaQPUdDjqt11A4wOJB
370,kgah6qJvQW5RR8DSmq
371,cIThP4Ut70uaRWU
372,7C8C3bUs
373,mqDQ_hf8D6k
374,0gGkgmQcNaCCXBiH
375,XBo57cRKzeKzUU
376,f4iolRPer3E
377,gyKCThtpcY
378,KvbQ6k0DmE_y
379,Qo4Zcb3Sy6ZKsFLRT
380,lAB3VtLB9I4HyhEb
381,77JvwaCwc_
382,_0eaZcolzTp3Tjv
383,1uR6u4I1H
384,tlZtnvBov0gqh
385,iMNSF_xb
386,gb9uSblun_hS
387,lPbRvsZHmM2dO2q6f
388,8n_KQb3IkkkMQ4zINE
389,MZY9XqrOy
390,eLJQC3UI6d09
391,K2SiHr334
392,w5lQS3QDhEk60h8OTb
393,LQ01QQkKSL3Wwnum9C
394,AR02c7Fiob
395,d5lGVmEMTu5w
396,aP31MFhhpCHQHMrF
397,tWNabpnJ9oa
398,1cePicI823wQfrqS
399,WekC51iolDA7I
400,nkdzWyI3wt
401,DDe8cWt4Iv
402,je0ajqfTK
403,JEyUjXJkC_cPRM_
404,4kVx4L85KjqaXW2
405,z0V5db1dDiPsX
406,HQJLiJAxJ
407,gkmscSaQ6gZ40
408,qO7DJedENCu8XZzE
409,4tzyisev7vWPKnq6kj
410,td8ImoDv5Czi3EqAC4
411,Ktk5Jv9Ap
412,hb5U4ThS4
413,1ZyljSUXC
414,TDdEZ3D8lkQ3
415,_CYPydkjOE5xN82
416,Gfj7tAiWV
417,MtoL3Vset6A0_Y6X
418,Q3DEPO0reJ4XHRR
419,_pW0jGXZW4Bh5r
420,iZcKno3Jl
421,7x2jWHEaRiq8H
422,GI6o2_MBVJ
423,C9OCwK_tytRT5
424,sTrKpbnRiJNYLt
425,CGtPSHb_3Qxre
426,JHhOcaoxrR1TLC
427,Oe__bewRX
428,Pw88iuMM4CWyZYN7IL
429,F4sS5kwsfBR
430,DF1j6hYiKngbX5Y
431,AYGiUe5IRL3Ail
432,1Ck9OkRQWJVz3IZXu
433,YOCHCaZUrK92
434,paeDtk5_fT3
435,3r3Wp2pfRUESD_mf
436,VKvXjIzDWI
437,vppYXWK66so7X
438,_tpYYWPdw9BqEjg
439,BT9Usn0VnNMdP
440,K6QUYJ60
441,EDEbBb9gdb8wmWSK
442,TZnBXDq0aT
443,1oXKPLCiBuLIYk0
444,dUVBRbV1JvUtavMW
445,8jw7h22iKpiMxK5PGp
446,zm3sNmmUXM8bX_2N_d
447,Sy7ILa2b8F6s
448,V2n6YKVHSVHxT
449,sKFmoFaZ5aCwnLo2Zm
450,rnNpWaus1a
451,0Y_9tig4LJ
452,GVe4mY8zYu95JpFha
453,6legdDtj3tek_rmDt
454,yR8SEhtYLY5wl0J9
455,g8lAX0APkCmAyCV
456,hxsBbsYnwy
457,LpJCep0XjmvEUyz
458,LV6YrtpQvnsk
459,H7IdRBQKAICVeL
460,fsmsDb3M0I1
461,C_4pwODDbUvD8iet
462,tEUJZlHljYv2AVGT5O
463,ZTyjwKp5HhAQ
464,8B4zSvZIC4oph
465,yeriCWyuPT
466,gFahICKW0cp6x55mCK
467,IDVvkeJdX3v
468,fyGEAEok_RO9AH
469,7H3QAzwnwH_p
470,e4l_mfH5dG0jypk
471,LYh2372WFhI
472,izejlTvpYobs6f
473,CNSH3CneoCuggj
474,HvhC9ZCR7E7
475,1psNEkyBSrd
476,mbgH23z9qzz_oah
477,9Cm1kKq5uRxpnJPH
478,LOJosPLngyOUh2
479,0_uUWOX03gT
480,D4gr0C90a
481,jYmjfMjc
482,ZRNOi4lqMKf
483,fsJTid34ziy626ah
484,3h95ecN0
485,LBbBlH9gHJ
486,guiYhGoLyML79iB0lv
487,iR7vV9gASA
488,tYoU9fXLiJ5hjbz55
489,QD4VhwB1bUkO
490,3_dcfsiSKlX58_Y
491,nl7fQDaQm_JrzYt
492,ihbeZheYW2t
493,MqhvJNVcEGq
494,KroHWroG
495,9Difk52A6CbtzXQm17
496,K3_JM2QFFq3npr
497,wCmiEvcTE20gTAE
498,E8lYuuBjJ2t
499,8voxUqjfyYt
500,NTPPCGWLTCP4o5
501,RcvoiRyOmM7
502,CJj9QXP8j64FEhx_B
503,DTmDeCMmAVehPh
504,ugwxNQbOI7x
505,8G2KPKU1Wu8oneMdsT
506,8wxhz5mQc
507,h9qVtNNHz
508,lUQuNCVAlZwCy4hY
509,7cfUKhi2Pch4ejH3
510,JSbDeQ5fM683
511,0FNyZjwbc37j7fp5
512,PlKh2xBOfjXLoW6Z
513,iQ7O0B10
514,DmJOi26w3tbh
515,kytkelQ46Ozx
516,pREmOGAbMem
517,EDYgndfG9H2K
518,y9L3zn0SB8ImMI4Md
519,bXN4mMUgrxm6rW
520,gVkh9b5B_XmOgaw_WI
521,2oL2g8wef1dkd22Ooo
522,SBRz123KT
523,Ov3_hAfuupG0K
524,WLfqfgDEkbjksX
525,dqKMj2I9nQ8yB
526,Ib05TyByTgrgzGRwN
527,USJ3aEigNV5oguqL
528,PisPfBF22td
529,iu7qrqwfxbaiC
530,I1brMt7zMUH9p3
531,To6RZfo894T6_fUK
532,poVMfPI1
533,Upo69OdJ2uXHN
534,3OmNi1pBy6
535,w_AzZb9AFwBITK
536,ko2Cb6wrZ0Khs
537,lT4BnZVetyKyjy8r
538,Jtsa3p6U3P
539,mtW7qNHyMghWLvHZ
540,7J_ktJk0N06fSC
541,1MT18EbPZGxBxnx9
542,lFpLUn2eBdq9g01fc
543,YOfschbhVD
544,wACqnRk3PN
545,bSxlx0dS9O50z
546,36Z_BTajn3uXQXE
547,Vo_2uDxNa4BEtWBT
548,95SP8DVTk8z
549,XcwHkv51p
550,zGbe__Olzh9cDTaCF
551,vxWSPQCli
552,C55ukD7e6NlbnkTiW_
553,EORPIEhH8
554,dHQKiKpRh
555,oNyqhypDKHJ
556,o0Z4NqpSj9bnRajm
557,tIFDZMI0am35
558,t9JpB4DJWUMmV
559,qO3BN3DJTYtPpu
560,Mp5557HkWoAqa8IPpi
561,01NFwRIkh9WKUyw4h7
562,uongkDAY6i84lMwYfV
563,O5xX5tnk
564,M_pBb21T4WmVtcBvl
565,7Gol8MFNDPSa0t
566,y4228zF83QJdMz
567,ZE604o_3L
568,OQ6dcdkwCOvQRjF
569,rw8TT2NGYKIg
570,TQkwtABGMgdm
571,9iE5q8lYidx
572,iGRPX7mt
573,T3vyRtSezCWiBBq9zu
574,it3BqDXHYmyp3Wyg1
575,5yG5qdce
576,4ugpVrZl4BYfCOi
577,eqSR35ne2oS
578,IhjwyEKB
579,JLuPCaLgLoWIt
580,FvDGuFufN_oL_9
581,X_e3Eabo7falRufkL
582,QWIvfwtCXFhz7
583,gIDUQ8Pn1
584,fbz9kgcBzbU__A7k
585,h5E1Xf6Tby_XyHiO
586,VDLy1Ufj
587,QJ6czAenQdb
588,FBplrbYEZBHcQb
589,A7JwT4Sip
590,4HV15FQ5jA8
591,mYPFAvtb
592,axAsKRcBU72AzF
593,JvLC9diZLmgeyAa
594,7xxaJXfdh2gYn
595,xRkCPMKhCD2ejThO
596,0BR5cC0IXld6R
597,NFtFyQ6AACuQ
598,gW9qR1u7xh
599,4d4cUIDMNZ0sYVqc
600,Rrq5ZjvFJHjD75cO
601,vhmv4gn3IG
602,ywhvdPT1VM22W
603,dqFGP0AzTjyWpL
604,VCLV8R81UWQ
605,jQUvxPG9UaHYh0QYL
606,uB6bx3Re
607,LuZzwpLABs
608,ZLOARcno27Ywas
609,f_PyQwfqb
610,Cetsj1NkS_L72xCq0
611,06xaBs50XgZG04f
612,oOSNClB2DJ
613,4RGoqPzXw45
614,5buu4LYjZsVyVgn
615,nqwDBcCckoohAceP
616,TZImUXJeGZ
617,i8xTuI4ycE
618,rmbYAGbunreG3
619,wlAhlz9fqxQN
620,SslT6saaaspj0RnEP
621,VaTwpcOKRGpeQ9s
622,peXVeGkCMyMfDo
623,5vbKCnZP6LRHM
624,CqjxvxYGq_9uGhIWv
625,hNvuaT6IXfgqs6FcU9
626,b6RuoahfsBLU8Ooj
627,0nLHjJdWAigeAZZ
628,JRXlB4ecYo2wVZ
629,4coH48GffGXj
630,9SkNjfsR
631,H_5nlYNp9MqnwxJQQ
632,w8VJN7Nq8bXgxNc2r
633,aUIZMnbJ
634,QjLs6bUuK
635,LCVcCsYA7K1_SKX9F
636,9bzn7rqFzbH
637,0iebD0pQd3
638,ZsODC0x2C1pZt6r
639,RQIn58SNGskU4Td
640,jIfJOlGnBqmjytQ6UK
641,jFjV1cG_I
642,Rlyd8LLW6kQRgxG
643,Iv5TGbhI62CG
644,BrXdr0tQ4rJyxynA0
645,m3pF386lj
646,Xpz6xTyO7GtHELTQ
647,HUIQDQkG
648,HtVaxNr14lMwufpQ
649,algEShMQZQnEFO
650,7zVGhweuULp
651,ELhP6Z00027LMkm5_d
652,Y38120iZw
653,548BVbSd9qNkW
654,Fb7g1U0VdgB_
655,IDkt1E7xNci
656,bdbFkYBh4vAgVZN
657,BspbmBhYMYSaejOc6n
658,6f98xWXHcA
659,ED6SkhBNIA
660,uiXd1QNNHnDlUaF7v
661,q6t3ulGGFf
662,7MLEisUtl
663,P8GGrCZn6
664,ZvALWu8f4cuNGQI
665,2x8a9954G
666,Blu9N7hqmhwDM_3OS
667,uHDavBUEesdR7
668,9H_BhEmwe
669,qceJ4Gqk
670,nLkCDNCxWN4l
671,IkkXN4jUB
672,VfvaNRX3irkcet
673,k6hxPTqfTR
674,mHe5Wcjf_lypyTVfC0
675,SKJzING36O
676,Kt8HvXlXEbQF0s
677,BNVXTvAN_V0tC
678,ehTiOFsO2Kf
679,eDnejuq3IRH1bYw
680,Vl6_EM08Jlj2F1ivV9
681,X_eEA6Jb5LKUxOzL
682,0CSDo53G_
683,IX_Dqbow0zhYyDA
684,DhofhesAtiB
685,rNt5NaOhEnfN6oVd
686,wLtV3J01WiXI0JIA
687,RfJ0gkGxEels
688,QBwlb35bv7q7lw
689,7bD3f2q7jH
690,s0QSk2pz6VSqNDdPua
691,eSYSSfnbb0PrKu2U
692,kjcfW8eQwHpUtKB
693,NHHkWqA88Eg0e5P_oC
694,mkCiFtcmpcU
695,sdZlUbrct6GS
696,03aT3ArCQu0v08
697,KL6ql6PDBbMdF
698,_Wt1dV3kIh
699,Drxm7wscDU6e4
700,lO9CgHIm9C9
701,k6DrjRyytHWpIq_
702,eXS4A8c3H
703,vp6FaKoQMYAyVO9WPR
704,Bu_B6nvfCD5pO
705,2OZt1Y7C
706,KP0rMpw1WfZShN
707,Xuf1uPdMo
708,2nPYIGl144rr
709,w818dte0Zc_W
710,5R47yBX0x6iSdPms
711,Npvbz5Be9pixO4kNR
712,6LZjv4McecHXR9ZOG
713,7r_CVQmq1nA1dD_
714,0I0rgiqeM
715,MKd9prNOm7o8
716,al4WRwFmhv
717,AhQLgwcepO41SCYKh
718,RiQXiXCGjqvoX10x
719,KWwMpYkVdY977riMZ
720,pd3F5lw7Hgi8tj
721,DC5NSxCTl5
722,CxNWP7WgtbD2gFdiLk
723,BUi9nBLAk3hlRl
724,HpIwn1Xe6ndZ
725,LMRTr3Slw7
726,0jAzLlJaLczG
727,qNLCbS1gYCQ
728,kZTWoF9i
729,7DHR5QHSeR37
730,s3X4OtDgvUNEn
731,fmufocwfbgh44Jvrs
732,vzb1EYgO0
733,EbuQASXaiSGjWb5myZ
734,mpPQDKUY
735,A4ojSq1rpMee
736,bG1MlJuUbkGfjCNhAz
737,SqAxiauuB9Q
738,yftuknX7AQACqzph
739,Cwz5kZY9E26K
740,lUR3mtEgzM7h_a
741,Y6rS0LCzau5D
742,3MDCPsoWPy
743,zpjdzHdtOIb5
744,c8NydCqSQYFTsQ
745,cB5l0kfjhVUmZ
746,ktTzPRtkp8ltYo4g
747,3lA7f0BfRJw
748,qhbh05Jz
749,GzNOW7n46ts3
750,i7euKWkdUR
751,LpRgtNoRaX_ZVq
752,TR_n2pDGA
753,VYXBAPSCuiyffO
754,pIAyk3qFt
755,2HxIiRNZTN
756,FHdv6YXtNwGd9
757,Xj7UK3HY
758,i4GD_Tu6Wpq
759,aN4SgYCj
760,EUwFvNsKQETsRI
761,cwy4NP11TXEn
762,s3b6rbgyraH5okKZ
763,5UJuOJYq
764,8pVe58USb3OlLZCE6L
765,0PB6YShBLF8p9o
766,VGnjZWoLDyOnjOXVx
767,CMGby8ywdRfTW
768,ZmGy5xcci3eg1F
769,i_sR49CvAL70Z14uvP
770,zJgfOOSVfSzEcQ
771,3k_fIIrza
772,qjs4wTYOhf0Mc7
773,DFpfjIADnGir_IvXU
774,IFrlgqV8ke
775,ClCkd1SJzeIdF
776,qY7i48xNSVo0L__K
777,nSjHjAH5LKs1j67
778,JBNSc4s1ZvD83LOs
779,VtfI98z05YMfYMI
780,jeHI4_WSJ_WQPsOU
781,49ZyQDNoMaX1
782,qWRLTT1M1R
783,5czY0_cDDpSVRThjA
784,1MjNlafSCVIYb
785,Zz8S6ko2OFtZmuy
786,rqelCzWwDi6le
787,KJOe6Pslfhxq_jR
788,LAJVM0SCqSnlpV5YeL
789,KGqngdUsChgaoC
790,oK321qxgL
791,kcXd1WIPENup
792,NntCoKJTH
793,ys4us7auD6rHN
794,03CgRkuHrHcO
795,I4TP2aoH_j
796,fu97whfvtUXjsK
797,g8e5vPbixfKdzKOz
798,JcGzjLd9vzXUgrT
799,sVzFEyOGY
800,NS3eLpJRoUrQ
801,dqGUtAjU
802,HLVRh24iDsSwh74kf
803,ff_j_Y_OJdGvtV
804,IP_WsspE
805,SUdQ1TaJywMIQ
806,qsWEjP6t4GeJTrK2Q
807,HX0NvnR62
808,C55RxeSQ4D
809,xM9Ui3IAhYJmbJo7
810,mvVSEC9j6FTo8P
811,QZjZmyofbD8T4X4b
812,Df7isB3Q8
813,E5wIPUmu27FYqPEw
814,QhGFDMKFnq1S
815,Pi8K3fgk
816,bavMffjqdX9Jx
817,HOOCmVdgU
818,EDZHwtgai5c81pQf
819,NDEnGUWVruWMF4n
820,G_Hn5X5X
821,crHfcg8Ip607m6153l
822,7WQ_QbEG
823,dYS_eKfzH_HGx
824,NqXn3OJVEPil
825,Ir5lCUbbB
826,5XAh0PNxkmBDUTYZl9
827,TAdnKiHMVaj1Gr5Za
828,WqPCsu5wJQ2i4zTJ9
829,l3z6AKP4XnEvqYaA0P
830,mJ6CY_YXmf
831,qzkeo8GL0aJ0kFIu
832,juLnR04n2
833,wyIkQx0I2bvRQNy3
834,_udwqQ1GcUIdX2
835,Pg_WVC1BJe7l
836,xx7lX6gEq2qb5eh
837,w638s2GXyhP
838,oTg25D0UpUAIUY
839,uHvBke8Gki
840,e0xHzgWm951KM
841,EjnwTm1E
842,qDp4GQQmDI
843,v3oPKdtd
844,ND3U3Nfc6MM8xONT
845,eEE_B6ZtndHEL
846,Fnbi8YNf
847,xB7jkBgZvt1jB
848,nwB06okxyMIUmGE
849,JY1IblE3JgGx
850,L9fdr_oMrNvL8XLv
851,KGzIh32eCCXU
852,Vsvzre1ZjBu2m
853,sKFCjdSw3ZZC6NSpQ
854,yXVcwCqKTU
855,7aTJFEPDphqON7R
856,doRcsDqXrwq
857,hT9IvMSZgHA
858,ZTuEW1o2eCWZcKl
859,O2kMU3tkxu
860,dTf2FQVI1JUhs4u1nk
861,W4gBgNpdPe
862,6qx62k_ZdBh9bzTM
863,M2Usapn8
864,p53gk79YFHPn7pO5w
865,qcgl_phuc
866,iQZagkVWme
867,Rvneg3qmauD
868,gjuS2YXiZ_xAY
869,2zD6A8OI0UO
870,k27t5PBd
871,LmfuvtFT
872,UcjjYmijnWsez0I_hu
873,4m_D1NX7KwDhC_
874,a4VDo4CvM4IO
875,J_KqgkLy6Rjbu331
876,wHtyH1rtDV698aZg
877,l4bd8TLq4MA3QKWpt
878,z2gtKFdXa0rw8xHe
879,OwG3VDfcREqo5xAJm
880,W9774Z8Mvir
881,Y49mxBX_NGiy
882,J8HV7xXQhihjl6mmLZ
883,0aGRRIoWyJI
884,ldXWZmxev1tGcFkbA
885,A4SMoZptCJMrPP3MSg
886,wvxRfPCNfGPjuIGoQN
887,ej_u3W33bBXmN
888,A5SbgN1rVqmCZFfUu
889,gplHOjmxmlD3kG
890,VRMiIqYhdf
891,QqDRHy0_a6FbGYeCP2
892,kzYVhUCQCoOT
893,crfMiEYJYFE1r
894,OQLimvZQ2R
895,sxipHfjyrCc1fR
896,CcSmLHgCt4dMGB
897,ywFzBMYoPmsmQtzfM
898,bSwVvdo86M_
899,HmF_0lesTov7
900,Di9xdeXw8NXJV
901,QZ2yHB9_cm
902,rPOHT21uXLyeV
903,_acoc6pkq0
904,QxXNHBTREcUBGWFL6
905,rV0M4y9vl
906,A_Art2127HfJa7zNa
907,iStca7nlhVQKKF
908,Cz8xGwqL7mWIJWVC
909,t6Mv6As3yaIxY8m_
910,p27A7PTMFS
911,99jwJUHFGm07k
912,uYmB0arhujqdRM
913,HWJ2_zu7gPKfkpbow7
914,C_oNrS7w_YL
915,wmIboWBuZdDk
916,qJ7C1PVjo29ZmJu
917,eqebVKndxGBzz6aB
918,e7HDslL7P6ygpgRES
919,HvY0QnqM
920,KxT_DA3MCxv
921,rgYsZmO2vzWUmG
922,hEfKoh_lIgS55Eg
923,1Q6N0Q8nc3c0ChVE
924,UdY2byCSR6oBGhERnF
925,siP5hLgFK3WGZ2vStU
926,vycoUmc_O9E
927,we7ZTyAYfZd3j
928,Nk2Ve1v1HeBS0u0VfK
929,fg9uB_07
930,1_Jb482WBhCwvHq_
931,Rg6AkeCgNLYTY4
932,VgtwqZBwrH
933,JnLP6y3eQwhMzl4
934,yLDQTUeLo
935,MnA0XYpAsDws6R
936,v420vaQmHkJrMy
937,0vvxpIt8ZVTVp
938,HAph_VGUBQEqGzu8
939,5gJiL_bW
940,YtFsLCzEJMIo_u
941,exLN57KA1adBhxZ
942,E7XGdrgW40O
943,XC9UoFkLtg6
944,EuJ9s726
945,TFizedGql7UMWjwa
946,Do9a3qgggqXa
947,G3G7plqvmV
948,xszfZnmwmOq7w77X
949,Tz_RUQo2F2ssQp
950,dtoYStDPAcHd
951,iOFHmBJVc
952,3bxh3PqaQl
953,L5lBnXRvAaG
954,HT907DBrDOA8iScc3
955,Oq5dlmOzOvKoUd
956,P1qzjevT
957,6by1dghtR
958,Gr6QsSsjG
959,ZZokqO1qw
960,uoGNK81jDpYK
961,KVcRByFo5
962,TljYOTyU7SzS3gL
963,Ff60nQSi5mfKGyRXX
964,nHWSvpGKJWXa0
965,buNsioasjujA
966,LCoFXOKHknFVU
967,rcBxCmwkapx
968,pqrhpe2DQEX4tZ
969,oIV7DP5_
970,4SpUi6gZjryfKNUD
971,SFwywxdNsC
972,NXai4iw8q9a3U9XNO
973,VnWTIlHhyte
974,CH7UNoYj
975,EkWpu48vEyC_vHIb
976,VPoAbdFwx
977,hIOMolBHaE
978,4Krgd7HPM9f
979,i6RQ0P7oLIfZ0C
980,ktlexNtY0h8plJ5P
981,Pp1hl_fXvQL7
982,7IbNpBHJ85O6dM
983,rtVufeeBbpS6ez86
984,tOI_APqFl6
985,jbT8YTtJTMWODfGI
986,V0YqWEoxaZ49
987,xpdaWhjIftHUxw
988,YEhWPbz6pTk
989,pz6ZbzArPBg
990,o0DfqcMdFv
991,OvNJE0TRaLWQinFTb
992,IF__Auet9c
993,_4H2MB5LuXBWJQCN3V
994,_VJAq6F8IT0OIiHF
995,yMAaKZlMrM7gYn
996,J_5Le4mtAxgbpfWUr
997,JnR3kW9kCy_iU37Jw
998,7JB1Gx4DS7pC2lFKh0
999,xtPcF82s7Js3o
1000,765WyLnSAyqKswV
