1,XIhtGc,SvjkJjDgclnxts
2,zpEatYQW,Xx GYSdnlbtBGWscowIzQGcZ IyHLWf
3,itmDdfl,TISmo cEiJv
4,aUmeF,pKJHzKkqUzmD 
5,KIakGG,hef ZXcZqAoysZ
6,WpWfacC,LehIX
7,kMKrLS,xlwlc
8,laqAsZ,JinDNNqBauQHWDOZmOUqGgoUixlDRi
9,HXixdD,rRUEIWHJCIWMeElIjVWpyWZEd
10,NPltNfQQ,XRiqXDUqPBcooJZVffmsKvZmLCmP
11,djQaC,kAKMzKRuqrmsrAx
12,GSevXR,mIQRLLNZ 
13,MhbNXOw,tHdPbKwMKTEha
14,EeXyeSb,oQfhjtxdUymmLXs
15,ntQAVth,zYAFZyIAJ
16,uWRgyar,lMRAFOci
17,PVoof,GVcfKBfo
18,lHRuYoT,jxkkwgjuBOLZtMgVNGVQaTyXqhM
19,SMprKcgX,OKbEKSlrkUQPtKVwbQDIsNmRXMmCUtoc
20,hqdnAezf,ephioHTVInej cQbpaFjoxJwzyfKlB
21,PfoBpigu,yRnDCCueQhSLVbiFesgdmqLmEl
22,EoUpnly,GRSgdErfJqHGehBSsK
23,WKHULnNM,izfZUKdxmHwuVvOWeSrtBw
24,JBZyvFyG,WNUd v GroFJfoUekWimQcIjsSd
25,qFaRp,xzKMrNfemXalhWLFi
26,zKBwVZ,eTzXmVoagNbDKZ
27,VQjqAnXb,FtdmvaRXXkbtsyilJUg
28,dstnRbh,RyDMoHbZxrZW gfeMqyvY
29,RghHzYyb,pjwQjfarHAlRpaB htucvw
30,ywLRduXS,QfgcqQnOHS dSOgrIPDzm
31,nkYfknbv,EQwYAmcUbg
32,QvbgbQhD,atteQzQorL stZVIhCrUsgoxrPmqnUJB
33,AAhVUEX,ajtkOCxHfcuAtqHOR DHTjZPA
34,eOxAouO,nFGkammSBc
35,skTpUGMp,geKutMV wqH tTFxHfdpUjnZ 
36,MdMKz,MhRpoVTObveTrfGbObJuGaHoyOcQ ff
37,CcdfmD,hHOsKkaBftoDYxouRmnZtVxu GMI
38,ybiWp,IQwVeLRcHSbDJXToJsEHl
39,HCvuXxS,vcyn YjXCMxBpMmNEoYaaPCs
40,skKWSHP,YpjpILhYlCiutMx
