1,BkLmAV,49
2,aGzTA,45
3,ukUVp,35
4,zwMIcdN,23
5,vvTIHWrb,33
6,FnrnWFv,50
7,zasoILI,1
8,nfiTvrI,47
9,joLGpN,37
10,CGBwJhEj,39
11,GpdsleC,21
12,BiadmNK,19
13,KXQFz,36
14,vyPJxY,4
15,zNGksnh,42
16,xNHhdC,10
17,hQPDna,8
18,rocGdaN,11
19,FtxspLih,48
20,cOmoVpOI,2
21,DtXuzAs,18
22,OIMuq,12
23,VvTwK,7
24,VDsnJy,28
25,hmDxmjA,13
26,qCqfJzE,17
27,ZYYahRZM,16
28,MlYsUnt,26
29,MFTQWztG,9
30,XNywKA,43
31,qQrcT,38
32,AeImGyTT,25
33,kfeap,34
34,eCnsIYzj,14
35,CdLpDDp,20
36,LqbXO,32
37,tkiYn,5
38,MYuXA,3
39,cuZIgL,31
40,vXeRC,44
41,IDEFYCY,30
42,ktviu,15
43,cfbulU,24
44,PWcACYY,27
45,ZqKtUnE,46
46,iNPvINmf,40
47,HABrasC,6
48,EqylRRBT,41
49,ZJjJR,22
50,shnIENI,29
51,RJTcw,24
52,YAvAOrM,27
53,OaDtd,18
54,xEInBFHG,7
55,HUqvVg,30
56,laTyAlCr,28
57,MvIlVSgU,32
58,dIPGPxF,46
59,rUcOlOTP,41
60,mLLTicmF,17
61,ZsYHsVN,37
62,AyyrpW,35
63,tkqlv,21
64,pRmOMF,43
65,PcpqU,9
66,gDzLPiCr,34
67,JHboL,4
68,gZPvcdfg,50
69,KAkRjo,44
70,yrjFDUIR,25
71,rVlgGXd,39
72,GQQHi,26
73,EgsLBT,42
74,SWlYO,22
75,sVtmi,47
76,atXndD,29
77,TBGtP,20
78,ZrGcE,23
79,wMuqXAB,8
80,nBDSbU,10
81,nXnvFxaJ,14
82,pASiUsX,49
83,HLKfwp,11
84,nRQNp,5
85,nSWBdIYI,2
86,hKDraum,15
87,cDOKT,36
88,qiMKpk,6
89,LJciiJsT,33
90,JOYFYo,31
91,kQOTRxz,38
92,KtcezBcS,3
93,tBUmen,40
94,ZfMNjCT,1
95,ykIMaxOT,48
96,YrSLwm,13
97,AjgAik,12
98,LJncCIr,45
99,NxJwQN,19
100,RFcsLR,16
101,wvbYKzhg,13
102,jaKeM,37
103,xPcCcD,21
104,RRzMXqcJ,41
105,CXaLbQ,14
106,kGMrIj,34
107,pZrrDK,9
108,wRobUGyi,6
109,TdrGJtI,38
110,hFmYZSG,28
111,ioTdM,49
112,HpcMGtH,47
113,NFVZZpmd,42
114,mjWpsW,1
115,QerqHyNT,43
116,pUeowkL,18
117,rSAWab,31
118,agTExfd,45
119,LwzBJ,25
120,PpdcLjf,20
121,oULpfynh,19
122,enjDl,27
123,EXkeA,48
124,YirvAxH,11
125,hdpRCEx,36
126,RJsdqEaC,46
127,NiXQulvl,24
128,fMtai,16
129,kRbVue,33
130,Ogvdu,3
131,gwyVyKL,15
132,odQcT,29
133,eMLHTWR,26
134,UQuEpQoW,12
135,lOFip,23
136,vUoZBK,35
137,SlDwd,7
138,SftxSFZb,5
139,sJOxyM,39
140,LGUKJ,2
141,ddZmXIzA,10
142,XZuPCBtZ,4
143,vQzYFiI,44
144,GXXolf,50
145,DioiHF,17
146,oNPRetJ,30
147,ToWjVoG,32
148,DvOCoh,8
149,cvecd,40
150,xuOAzhx,22
151,uJAeAh,19
152,XhlXY,13
153,QSviKkV,45
154,LTFkEoz,14
155,FULBYt,44
156,fMCFpOH,16
157,PXTVHfaJ,24
158,UrRcp,1
159,kBLtza,17
160,bCEPzx,8
161,TZMIp,35
162,eIDlRu,21
163,rZckxmq,27
164,oCGkR,23
165,xGUqiaun,48
166,baOmG,4
167,NwfPzpa,12
168,IkgMWC,37
169,aEldPMnZ,2
170,xksKMliZ,32
171,aYvaCX,22
172,GGyUDLuV,10
173,doLjWuiS,42
174,wkMZkgs,6
175,kyJihTS,39
176,yoxAa,5
177,jHyyZpC,40
178,zSzXOY,49
179,GbVTf,41
180,JjXWwnyH,43
181,SFPfUZg,20
182,BautFIw,18
183,zGGMPdK,36
184,CEBQGyk,33
185,SlqmrKyo,46
186,VJFqNiue,3
187,sWYHBSg,47
188,tHUfTs,28
189,hGiVYz,7
190,excUz,29
191,kmkxWZEF,38
192,HTMpdf,15
193,hrmeijX,50
194,bLvHtNga,30
195,PvCXHKwh,9
196,QJENpf,31
197,iPGAi,11
198,rRrOrJD,34
199,jlQTuheL,25
200,yDajaz,26
201,JjSdYVqO,22
202,OHViSi,43
203,tneWag,10
204,XgDTpk,48
205,XjDwDU,3
206,eNlmpBY,46
207,vPtBPg,15
208,PsbHswvK,36
209,lxxYkAZ,28
210,TXEGFM,13
211,bHAUJ,12
212,dywMdmz,1
213,DxIgq,49
214,iHkaiOl,7
215,tzNjV,24
216,hZJReZeV,5
217,phHSwFu,27
218,iOxeLzaO,29
219,IQhid,19
220,KvaXB,37
221,TTlgfD,40
222,clURw,2
223,phhiEh,6
224,qxHuQxy,25
225,gtScos,20
226,MaSUHK,45
227,BYcyNs,4
228,KrCVAJkO,8
229,EPGnXH,17
230,yolcQ,47
231,YVDEq,33
232,ZFXfF,18
233,aWCmPy,41
234,rVfRWMP,38
235,bCjYS,44
236,PIUuYmHX,23
237,AbmDZ,34
238,jkOmWV,21
239,IBiuWxd,30
240,VeybyvTC,11
241,dUGUlZl,31
242,LNXLt,9
243,xkeXAl,16
244,XelKpyKx,42
245,ILQwf,14
246,IuszmRG,26
247,gDasnIt,39
248,gXJGqNeO,32
249,oGQERJ,35
250,cYmapdy,50
251,LPUAbds,18
252,sFiZzFUR,27
253,znUCu,39
254,hOuQKci,32
255,oOpOka,9
256,uMjAPy,7
257,RWPcsXQ,38
258,XSpyNkZ,37
259,QSqvVyb,19
260,bKgyO,40
261,IDjiK,50
262,KmaAQS,21
263,mEGgxD,2
264,TXmeHaq,33
265,TDWWdA,34
266,NOQBIfN,13
267,bmQTm,14
268,NACBi,23
269,KFmwWuaK,43
270,XEcmLU,30
271,lZQDdLWQ,15
272,BsNYuQIZ,25
273,EJrlawef,3
274,MIEtgbqx,24
275,YrhMf,11
276,TPNKY,5
277,ttpZYMu,8
278,lIrCw,26
279,jhnHSqcC,31
280,Zfyqn,41
281,yWuBLQE,36
282,CHadeAr,10
283,JtYQG,49
284,evSnl,12
285,mUvUwF,44
286,UsCWpQrQ,16
287,XYpojf,17
288,gPJiioCU,6
289,BaVAuf,28
290,qKIeqoi,20
291,MybPSfK,35
292,UQQrih,47
293,hlcvlo,29
294,ZSbDm,48
295,apsfVc,46
296,dCCjk,42
297,imkxVJP,45
298,drDYmh,4
299,AMOIs,22
300,imzhj,1
301,uWufIupQ,14
302,ONxvnk,46
303,ofSkNV,17
304,WlLCoE,4
305,hVBodA,44
306,BYCMp,28
307,mVBwoqIA,47
308,XBDPzy,19
309,PFgnei,11
310,Kurcb,10
311,cYMpVZVd,5
312,gtQNgkN,20
313,PsfddBL,26
314,TpYcgRu,30
315,hhYQe,21
316,UnZmn,16
317,jvdElOu,39
318,Nhmxs,22
319,MJWZqW,15
320,VOtuqjC,50
321,LQpWCrX,25
322,uSkhU,36
323,wkdZs,34
324,ewHcV,49
325,FYrSdy,29
326,YEAdz,40
327,KuJowwm,7
328,cjjrTT,43
329,zjrnEB,24
330,McBqeXI,31
331,hFyZV,38
332,repwC,9
333,EvhZjJ,37
334,ZUOtK,35
335,pKOArk,48
336,hYrAQov,3
337,RlFxWGZQ,42
338,PDDzr,13
339,jQllUw,12
340,LWeGCghu,23
341,GyPWjTJ,8
342,hfLxNaoG,41
343,HXsbG,18
344,ZEYVvA,45
345,ERihd,6
346,LIUkG,1
347,RUvit,33
348,KwJacuwT,2
349,sJmChhF,27
350,cqsYJ,32
351,wWyFgMUX,2
352,uyRIGmH,33
353,tkBfj,12
354,JmnqmUTK,4
355,wUUVQBPL,9
356,LwbzVkEv,10
357,SIrqGz,6
358,ogpaaAan,41
359,FdBDWQ,29
360,FENKPFV,14
361,IzIYXzKc,48
362,euCsS,34
363,KGVdI,22
364,mRAJka,50
365,HejFA,49
366,OUatuT,28
367,dkWCdzR,27
368,QpyObRqc,8
369,lexJSicm,31
370,HxXpmoGo,40
371,NMefBXBq,18
372,WRSRMru,21
373,RTlNGTi,47
374,YdMoqLel,38
375,zoBqFx,5
376,OSvgetTa,26
377,nLcEn,35
378,vSZWzJtM,17
379,NkXgae,23
380,QtRVS,3
381,gNwyFexp,13
382,AkTmdc,37
383,JbCWddm,32
384,vfTwfald,15
385,csESuIkq,36
386,UjglMvJA,44
387,VEtaEb,45
388,lMaXPgZ,11
389,jSbxdgF,24
390,CZkyjtV,30
391,cxmyGp,46
392,IrtFUlT,7
393,MeoJXg,20
394,TBKGEvk,43
395,OjSdJDpd,25
396,XLRamtV,42
397,FmijnMQH,19
398,ytwEEl,39
399,lJkzOup,1
400,phNWx,16
401,PQVcGmC,34
402,CufcxaQ,49
403,gAAMrtfI,29
404,EjnHkXtP,42
405,tAhpoD,30
406,HvyhPf,2
407,Rzksh,13
408,RwJofs,27
409,WDwtgyR,35
410,mUkbQIe,4
411,LKVTS,6
412,uDAQlSi,5
413,IsHeY,44
414,IzgrUFX,26
415,oZoGCsjb,24
416,qvcXF,1
417,tEsIalvN,25
418,gaJBCvA,8
419,rAGmQx,50
420,UTotK,21
421,SQzBWH,16
422,OYtBl,15
423,sEhCA,23
424,PBlGl,47
425,CSvGpUaC,33
426,PmSVVrh,39
427,CCWsCkPN,22
428,RNknFufR,3
429,iGgkUYCJ,28
430,BCJPqJH,14
431,yUekufGy,48
432,ipCvgYa,9
433,LtXrfdU,17
434,eiyJW,10
435,XTwsr,31
436,PtpXCZN,12
437,SheVdjvx,20
438,TlRrnK,43
439,sXOSonJP,46
440,GaVayNLL,7
441,QLlTLqRR,38
442,geYytdhn,41
443,APCoTgwl,37
444,MQXOW,32
445,ZkNQEUu,18
446,JwsALaqs,11
447,srdEC,19
448,RFAWXgG,45
449,SVQlu,40
450,TlQzzI,36
451,TAettLE,13
452,ZqahX,40
453,nkwEwZj,42
454,rbMsNO,4
455,yaAmO,14
456,qQeaQIf,6
457,ONetxP,43
458,CKgOoZf,50
459,fQfDG,38
460,wIkGJra,22
461,XUohG,32
462,FOSGdvXe,31
463,wSVNNpfx,12
464,neMDj,34
465,evCUGX,30
466,mCQQwK,15
467,YyflxTwI,23
468,bAWAULw,29
469,FmEvOL,49
470,xiyPl,8
471,daLpjlLN,16
472,UjKNvum,39
473,ZbXPdJ,45
474,qLQtI,1
475,RuFnvBT,19
476,sFHLs,28
477,XYfRtsA,25
478,YLlkf,37
479,yOaIf,5
480,BrYOIH,46
481,bShbLiD,18
482,CMhKgLS,17
483,wUcnw,47
484,uGBOHQHc,33
485,yhpKYDW,24
486,oMAbVFqn,11
487,JPSEQ,27
488,cQFxhL,9
489,OGAcXtOb,41
490,lhyBV,48
491,XiAfh,20
492,fwHVtH,35
493,yJzFBwn,26
494,ORvSJM,10
495,VeKOnIhJ,36
496,YTtBOB,3
497,qjJDN,44
498,SCSQrJV,21
499,OCqdalzM,7
500,nwvFper,2
501,NCNNetm,12
502,bBUnZ,32
503,LheUt,9
504,oanUl,49
505,MAbmtIYf,41
506,SYaCRLF,50
507,lcwJgx,48
508,GFelT,10
509,jMvxDLvp,36
510,WxwBoES,35
511,dralJFil,26
512,yjpIT,6
513,bjaaEzd,17
514,lGyCpF,15
515,JvxAeu,22
516,LnxyhA,45
517,LOHrbFig,14
518,NagQvAd,16
519,yYiXDqe,31
520,GhAiFY,7
521,kAWcAYsU,20
522,LpYwE,23
523,dzkrGrtG,8
524,KbDjHl,43
525,splGLT,34
526,FmyaVez,33
527,CZDAcy,21
528,urJAKzuH,19
529,PEHHtnkM,18
530,KkUGn,24
531,KiULoR,42
532,hZfKxz,2
533,SwGFgBG,44
534,oypJCzqW,5
535,bKImjiNX,25
536,wbAMbT,30
537,KmbLS,39
538,rGmKmLfC,40
539,tIWfxoU,4
540,CzJwK,28
541,EZtSiVi,3
542,sqFEUuD,47
543,aXKuxuS,37
544,OsTsKwf,46
545,azxWSQmC,27
546,SyriZl,1
547,Ctejm,38
548,WwOhyxk,11
549,hzTQQ,29
550,NRwaosi,13
551,bkjCeEhR,8
552,gNHEd,33
553,HOhaV,4
554,gujBPtwY,32
555,ZKKkwGE,34
556,syixf,38
557,QdQgkLR,7
558,ugYKtX,47
559,kzLguw,23
560,hSCdOLGZ,42
561,FcXkZq,50
562,KVKLyB,12
563,ukgbpl,17
564,PqMwhwy,16
565,uuFeSWk,25
566,VNhNaREi,5
567,OypgMeZ,40
568,BBGfbQC,48
569,HBXRwLtX,13
570,wcKBr,45
571,gGSwDOV,26
572,ezibQKo,3
573,AntfwMF,43
574,ZLECH,28
575,HuVrb,18
576,yIvQu,30
577,ovfSw,20
578,XpXalzyD,9
579,QqRxbob,19
580,WYVjawvK,15
581,BfbaMf,37
582,Yolcm,24
583,xmeunB,27
584,FiORk,44
585,KQasP,39
586,crbXiXb,29
587,rrbvm,21
588,SadJy,10
589,rQBbzJf,31
590,egRDxL,35
591,xQaMi,41
592,aVSyjqEM,11
593,ychEVEvG,1
594,lKNzzka,2
595,YJXXdNP,36
596,loCZeFF,46
597,TLPdBO,6
598,AcHGIv,22
599,qivtW,49
600,dLZmim,14
601,HUIiEe,26
602,fgkDY,24
603,qcRBF,50
604,BEzqqdh,25
605,elAUCTt,23
606,UATFXB,41
607,ylxDHNwf,27
608,woVKVi,33
609,MpZpb,30
610,uPDmgm,39
611,VaWcWzit,6
612,klYochZT,7
613,KbAcSe,18
614,BrEUL,19
615,vSPis,9
616,yQffgsTa,46
617,CliOLqJ,37
618,nvVgB,29
619,xIOIzuX,48
620,uxtWfxN,8
621,DNpLSHmT,49
622,YIhbGA,32
623,cBMdLZsB,3
624,jCBPkZgy,28
625,iYaIuua,16
626,CKPgLr,43
627,hquCb,17
628,qfYmqsFY,21
629,DHdSAdjJ,45
630,ryqBSWn,11
631,DOZwI,44
632,lBhON,14
633,DYqzim,35
634,FJYexnAM,36
635,QrIYvIl,38
636,JSJrIfN,5
637,LXwHJcOG,34
638,YOZHnyf,4
639,PoZjdEg,47
640,bbHrAbFH,12
641,wLyzSGym,40
642,VvVMUg,2
643,pURRLxz,22
644,InjtgHD,10
645,YgLZYC,42
646,clHzlc,13
647,DQOXhgL,20
648,kwNoWHoh,1
649,MzMCHB,31
650,OdKQiF,15
651,HzcFNnHJ,47
652,dMKko,9
653,AelkkJ,18
654,TqCiS,46
655,RoFYnQ,33
656,wsFUDZ,49
657,DUvXTW,45
658,NowfRta,2
659,NFafs,5
660,YjFEod,48
661,rKVaoT,23
662,xLDAfPn,30
663,HiDFkLgV,6
664,itoxIvhs,29
665,XasgUKfx,39
666,LPrAO,22
667,uoHyY,36
668,DpzNCvq,28
669,mYsaUTob,26
670,VfMbK,15
671,awoFTixa,40
672,oMqJw,38
673,iuYngKBD,10
674,qVRiFIMh,31
675,jJbBqRg,20
676,RzTfIHMA,50
677,nWGVLc,21
678,ORvexmcE,41
679,KoWawaQD,11
680,NYNcV,16
681,HexUQae,13
682,vMSUQxB,24
683,wnGAUw,8
684,xZZPm,12
685,GZIMg,42
686,oMUuL,14
687,IYcwxa,25
688,XTETv,44
689,KBMDn,17
690,jhrGg,1
691,rMngd,3
692,RLowQPyc,4
693,HkEnCL,34
694,BzFjt,19
695,pyGcApA,32
696,LRCizD,35
697,ssxXHdU,27
698,pQHmJSo,7
699,oxHLV,43
700,GXHhUt,37
701,frkzGnEX,28
702,XOYNXL,41
703,jROUwKqh,4
704,QOwwwzS,15
705,mcLYwUu,5
706,xDWJxhf,11
707,vavkhN,26
708,XiQsXN,37
709,bGBbWo,48
710,hWUiq,49
711,DyMSzO,35
712,xCwfU,46
713,zGQFq,13
714,uoBiISGX,29
715,BBSqDgN,30
716,Cvfir,19
717,bMdybRXx,27
718,fhXNASA,17
719,GFoSjJj,25
720,CJBdFv,10
721,cTpZzy,38
722,ncXOhe,24
723,NHZltB,21
724,hqmfk,2
725,nsCue,8
726,pSeKq,31
727,UuAqHyv,45
728,kWebHmt,36
729,ADPtt,14
730,IZgQgiSe,18
731,fiMynW,39
732,MvTfXFd,22
733,Maqgic,50
734,JSuQI,33
735,nDgDx,16
736,WhcrJR,47
737,yQSSdz,34
738,LncrL,3
739,IRWpRA,7
740,KfIhxj,23
741,SncjULvl,1
742,felVZxfw,42
743,WhvkugDQ,40
744,vgJUyaw,9
745,ScHGx,12
746,hZKPIUvb,32
747,rGfAzsQ,20
748,QCCPsVy,44
749,anViiE,6
750,oBKPkP,43
751,PaLufKf,44
752,vfRRJPh,24
753,cjNVzEf,12
754,lwohW,29
755,aVcRLg,14
756,fEYytcr,41
757,PJUuPO,20
758,OBtib,35
759,VxSaBRhi,10
760,kKcMKlXb,2
761,QOICcERb,34
762,fsfaKG,45
763,LewtV,11
764,jNyEfK,39
765,dnAywnT,32
766,uTJmhEA,19
767,RXuVfa,27
768,ZQxvr,40
769,ZtEbBCQ,25
770,vPVmN,6
771,YvyRSUrZ,43
772,tmWeV,22
773,UUVlhmE,42
774,PkaEz,17
775,fdiDFNc,4
776,aExAf,48
777,IROhQ,23
778,oywTx,33
779,xbfYDHZb,9
780,hzGqOlt,37
781,dEzlAYe,30
782,QHbZk,47
783,bTMBapAf,16
784,dBjCLEi,28
785,kNUVHNUG,13
786,GAZCO,7
787,NOutA,8
788,GxZYXrug,18
789,AnekP,5
790,xjEcoy,1
791,ogecAksL,31
792,JlOVPWuZ,50
793,rzPpQhN,3
794,URaHVd,36
795,YUfrc,21
796,LXxvZ,38
797,baZbI,26
798,LZLXPvfr,15
799,PQfkvV,49
800,FJfBAUb,46
801,gtAfZQ,3
802,EJIGP,32
803,BvHFHe,15
804,uNBxpvL,49
805,GENdgvZ,1
806,aWcFHkLq,20
807,DrezElS,39
808,vPLjXKLl,9
809,ntRzhHfB,12
810,VhaOOboC,2
811,GmoKg,16
812,vvodqXW,33
813,VQrZYjU,36
814,itpCWkr,31
815,nyCoOe,35
816,VEzWMLJ,29
817,uCsiVjG,14
818,DceStJf,13
819,ZsGtN,50
820,FREdn,4
821,hpqTRxYV,25
822,DfBFLW,48
823,PjYqliz,5
824,QNLWDzL,34
825,EbmXqb,38
826,dvFkGtoz,44
827,KmUfjA,43
828,KkAhXxd,27
829,sInRij,30
830,NbUKC,19
831,SyKXBwW,8
832,fYoNLc,10
833,EPPUHI,40
834,ZUSFDV,41
835,SwdKsvk,6
836,oaouY,24
837,ngpHI,45
838,WwEDtNnN,17
839,EzCoUnMv,21
840,WlZxoLe,28
841,ALAwYuk,46
842,NjbwPL,22
843,MSbWFsp,26
844,xwzuz,37
845,VaWoBQPr,11
846,RpnYtp,47
847,PFLxOlkV,7
848,wpXZtdO,42
849,wDcaVi,23
850,jciXJ,18
851,sylwH,23
852,llQeKx,26
853,VIIcpXEo,7
854,JDJEeYD,27
855,YiVyeEN,8
856,GSFSE,28
857,cmEqD,12
858,nsPucB,21
859,fMUYlK,3
860,KtoOA,36
861,UdArxCf,19
862,WXUmY,46
863,arVpdqP,13
864,vGclno,32
865,ZuoaN,15
866,wUCFdy,29
867,lgrtrXKm,20
868,dppKrk,25
869,eywfwOc,5
870,SuCRWD,33
871,sgBKCY,48
872,BFrzTHtO,17
873,EFkrsbvq,44
874,pDgzZR,50
875,FdvGe,40
876,MBpWYM,30
877,gNYLp,2
878,mnGakPD,47
879,zGqpjV,22
880,QtiEMXq,35
881,aGxCccN,42
882,nmHTA,1
883,xsalmMgK,24
884,XHVxN,6
885,Rwtwpn,34
886,GxfafzGe,10
887,hleZoC,38
888,ehRtnoT,41
889,ipPFIN,4
890,NvvzE,11
891,HgKmAAb,16
892,sLgkSL,18
893,gqSWJMvD,49
894,JVEmAO,9
895,efevM,39
896,gVuFi,43
897,CzSJgY,45
898,mYgSMvs,14
899,DItxfvr,31
900,FRnqi,37
901,cGvjLhg,49
902,rTfcvZk,38
903,ULgsbJ,31
904,TQEdecRD,4
905,XVcBun,40
906,ASxbHUN,14
907,eJBgyIl,16
908,hwjPfivH,7
909,oUIAsa,8
910,FrhiHpl,18
911,ONXtuAZp,39
912,tArJw,10
913,YlboV,12
914,DZlreKBr,25
915,DZNnAVW,33
916,LZHDld,47
917,dwpcmPeS,15
918,UJnGnx,24
919,ijwydv,28
920,BScTcs,37
921,DLZXNe,2
922,byGgfIn,32
923,DFgrplIj,35
924,MyVbwt,48
925,BmoYXt,44
926,noYXuS,20
927,aOlfJynD,23
928,lRNPeQlX,11
929,OcZAH,19
930,nipEtUf,21
931,GNlqouAc,46
932,tSCikNgG,13
933,pteFj,45
934,XGfbva,1
935,qUngGH,6
936,BcJPp,26
937,bzuIIj,9
938,nZcpyVTD,3
939,bhICSy,30
940,miIuRDq,5
941,BpeMcfkP,27
942,LaITV,29
943,ZocuSm,17
944,DZMcMGL,36
945,nkCxCUQU,41
946,dzGIOY,50
947,IoDbrIwf,43
948,yGmTRPKs,34
949,gOomFV,42
950,wRwbe,22
951,UAcaA,38
952,xzEnHzng,4
953,vtAsC,22
954,eZiOk,47
955,VPlFgqmU,26
956,Rcogm,29
957,yqrslU,49
958,BdTZulvt,17
959,RBxQWHJk,13
960,jotELRR,24
961,cixbL,20
962,GCxWlwHX,6
963,hprQhu,10
964,TNfgGnql,14
965,ALXBRmI,7
966,FmBALYt,45
967,msRlYN,25
968,DSeFZ,36
969,PjlKz,46
970,wntKBLU,11
971,fypovR,23
972,HcDwRgdk,18
973,ewxITnIg,1
974,zTGqWhD,43
975,WihbXdCc,35
976,vTogVA,16
977,ItncPv,27
978,VjXnXG,30
979,OLhxc,21
980,HdDZa,5
981,PZqYkfJG,40
982,ZFBKtj,32
983,FqHdO,39
984,gdUKEy,3
985,cJXkGmfa,2
986,nMzEND,19
987,YxyGZt,9
988,fqKAAig,50
989,mQmAHOW,44
990,nrRuPWl,28
991,nQSrXLxe,31
992,xjhFvVij,34
993,kjnCOprD,37
994,izCBRH,12
995,tdOjRaj,42
996,nKuqxhIz,33
997,uuBQEQF,41
998,jRtUhIMa,48
999,IciuBV,15
1000,zgJsyWB,8
